x1,x2,label
1.988622,0.472945,C4
1.765772,1.865828,C3
1.469723,0.706811,C2
1.256679,1.034103,C3
1.737247,1.462337,C2
0.587811,0.756860,C1
1.494618,1.264637,C1
1.694453,0.457911,C2
1.679885,0.232669,C2
0.148283,1.053495,C4
0.275412,1.285867,C1
1.200818,0.123900,C4
1.069112,0.204846,C4
1.955685,0.381349,C4
0.925386,0.059937,C3
1.767911,1.151956,C2
1.594636,0.945085,C4
1.470389,0.294697,C1
0.123436,0.441019,C1
0.092147,1.747854,C4
0.523115,1.780401,C1
1.359964,1.723529,C2
0.512751,1.299008,C2
1.464371,0.463358,C1
0.873254,0.430808,C2
0.322990,0.423653,C1
1.232409,0.241146,C1
0.888652,1.775785,C4
0.946493,0.291059,C3
0.926658,0.187668,C3
1.152229,0.487083,C1
1.125022,1.994834,C3
0.033597,0.494736,C3
0.403478,0.074607,C1
1.881181,0.280194,C2
1.851482,0.004505,C4
1.617463,1.393498,C2
0.852410,0.416074,C2
0.119667,1.717966,C2
0.640582,1.847903,C1
1.892453,0.584308,C1
1.789722,0.856687,C4
1.425986,0.384265,C1
0.945888,0.662762,C3
1.920572,1.117439,C3
0.494892,0.186620,C1
1.967301,1.666287,C3
0.793648,1.975481,C4
0.244796,0.018086,C3
0.096870,0.224092,C3
1.325407,0.139027,C1
0.374975,0.861495,C2
1.279865,1.754382,C2
1.846006,0.505575,C1
1.927630,0.900056,C4
1.233850,1.979794,C3
1.300861,1.784643,C2
0.516959,1.041575,C4
1.173153,0.237430,C1
0.246267,1.989400,C4
0.349865,1.816646,C2
0.387905,0.895754,C2
0.825094,1.513543,C1
0.085825,0.355608,C1
0.881030,0.911761,C3
1.741341,0.845251,C1
0.738644,0.647734,C1
0.371085,1.053819,C4
0.464361,1.066732,C1
0.331821,0.879976,C2
0.495571,0.080459,C1
0.190001,0.178762,C1
0.368529,0.405949,C1
0.765915,1.798712,C1
1.015416,0.601851,C4
1.196738,0.966926,C4
0.343018,1.616990,C2
1.239713,0.659835,C2
0.713682,0.927458,C3
0.976193,0.240017,C3
0.419936,1.762271,C2
1.579185,0.344453,C2
1.277331,1.404003,C1
0.871523,0.777238,C3
1.055785,0.099604,C4
1.028716,1.989789,C3
0.627911,0.727946,C1
0.970009,0.624224,C3
1.433509,1.044479,C3
0.733114,1.550614,C1
1.142605,1.059687,C3
1.442542,0.846431,C2
0.245134,1.906884,C4
0.358415,0.246549,C1
1.703540,1.416205,C2
1.932076,1.734794,C3
1.775314,1.535471,C1
0.796800,1.153035,C4
0.645645,1.724955,C1
1.186328,1.971474,C3
0.606092,0.501881,C1
1.400920,0.693799,C2
1.173390,0.421829,C1
1.630068,1.763490,C1
0.763182,1.958050,C4
0.692966,0.292619,C2
1.316700,0.976005,C4
0.072285,1.452072,C1
1.624102,0.799297,C1
1.993766,1.942206,C3
0.996379,1.224475,C4
0.243559,1.605522,C2
1.408459,1.266007,C1
1.917256,1.948010,C3
1.269327,1.899090,C3
1.358944,1.103420,C1
1.570687,1.616730,C1
0.175610,1.604765,C2
1.323894,1.228918,C1
1.401675,0.219964,C1
1.915586,1.005503,C3
1.640350,0.063589,C4
1.295661,1.000730,C3
0.323020,0.214277,C1
0.756928,0.196208,C2
0.104758,1.147441,C4
1.473970,1.960431,C3
0.853569,1.435477,C2
0.939483,0.246775,C3
1.692884,0.372768,C2
0.969511,0.938245,C3
1.121299,0.450340,C1
1.044755,1.796054,C3
0.360487,0.935127,C3
1.413287,0.580467,C2
1.771704,1.201347,C2
1.600744,0.086150,C2
0.433191,1.916616,C2
1.757255,1.070597,C3
0.785320,1.702947,C1
0.616055,1.353055,C2
1.627197,0.472919,C2
0.746974,1.722662,C1
1.687948,0.283835,C2
1.258651,0.718370,C2
0.497846,0.257778,C1
0.136555,0.829545,C3
1.348884,1.883073,C2
0.999585,0.214944,C3
0.761357,0.842701,C1
0.216234,0.649137,C2
0.062485,1.407840,C1
0.041994,0.079233,C3
1.435034,1.389724,C1
1.722884,0.911110,C4
1.108363,1.660658,C2
1.355701,0.943196,C4
0.241281,0.335039,C1
0.703770,0.727134,C1
1.485534,1.843873,C2
1.137705,1.058541,C3
0.220716,1.341295,C1
1.403864,1.287357,C1
0.015831,1.149233,C4
1.018901,1.186134,C3
1.999705,0.276392,C4
0.747033,0.225941,C2
1.511885,0.440347,C2
1.837312,0.283371,C2
0.657625,0.476573,C2
0.481415,1.038487,C4
0.205004,1.535866,C2
1.298179,1.622353,C2
0.639180,0.051635,C3
1.559281,1.434146,C2
0.128242,0.101174,C3
0.341191,1.471644,C1
0.657059,1.490059,C2
1.821721,1.005241,C3
0.649990,0.656417,C1
1.535190,0.974451,C4
1.030278,0.321890,C4
0.558443,1.097199,C2
1.853384,0.708679,C1
1.320646,0.356020,C1
0.403493,0.097160,C1
0.013005,0.261619,C3
0.956857,1.516109,C4
0.420231,1.093073,C1
1.292611,1.437679,C1
0.403805,1.175281,C1
1.471136,1.491827,C1
1.237789,0.178095,C1
0.402006,1.419999,C1
1.531117,1.407907,C2
1.288007,0.755407,C2
1.566030,1.111272,C2
0.158659,0.047376,C3
0.540507,0.921494,C1
0.396151,1.839758,C2
0.423242,0.752919,C2
0.408519,1.068523,C1
1.912934,1.684021,C3
1.419370,0.061212,C1
0.339353,1.669176,C2
1.720418,0.900986,C4
0.251843,1.280357,C1
0.672511,1.560636,C1
0.911642,0.103821,C3
0.242838,1.916938,C4
0.937575,0.903164,C3
1.930404,1.523369,C1
0.950417,0.208975,C3
0.558849,0.849224,C1
0.219388,0.606622,C2
1.605128,1.585815,C1
1.034969,1.667548,C3
1.484523,1.575446,C2
0.815426,1.205787,C2
0.526908,1.936485,C1
0.800123,0.340211,C2
0.256151,0.037917,C3
1.590924,0.704388,C1
0.023971,0.119315,C3
1.773680,0.069718,C4
1.051557,1.557297,C3
0.384980,1.633876,C2
0.496655,1.047061,C4
1.085093,0.275391,C4
0.290840,1.297707,C1
1.556191,0.186546,C2
1.181100,1.232602,C1
1.865654,0.470581,C2
1.661837,1.141158,C2
0.317485,0.525539,C2
0.297826,0.745934,C2
0.660530,1.335906,C2
0.315642,0.729080,C2
0.430437,0.154526,C1
1.280508,0.904698,C4
0.672955,0.481100,C2
0.177470,0.928791,C3
0.329409,0.729913,C2
1.280266,0.206035,C1
0.160878,1.528261,C2
0.818198,0.482696,C2
1.245795,1.198352,C1
0.640782,1.507587,C1
1.806403,1.649335,C1
0.831886,1.098041,C4
1.402716,0.642384,C2
0.539548,1.965457,C4
1.378305,1.190625,C1
1.164584,0.735036,C2
0.850457,0.717024,C1
0.490575,1.736940,C2
0.507961,1.517152,C1
0.339762,1.351142,C1
0.012955,0.060108,C3
1.903851,1.955837,C3
0.898992,1.709685,C4
0.025640,1.859364,C4
1.515676,1.559197,C1
0.396889,0.988159,C3
1.790932,1.247229,C2
1.889762,1.558331,C1
1.365160,1.857865,C2
0.053649,0.476050,C1
0.997241,0.307818,C3
1.186111,1.791998,C2
0.050571,0.984184,C3
1.326170,1.177719,C1
0.337969,1.820388,C2
1.020080,0.096776,C4
0.637561,0.484205,C2
0.774212,1.111214,C4
0.787388,1.900576,C4
1.736609,1.593894,C1
1.424743,0.943265,C4
1.338220,1.009836,C3
1.156898,1.803232,C3
0.376808,0.884819,C2
1.233115,0.277918,C1
0.340927,0.597012,C2
0.633532,1.024477,C4
1.648373,0.207540,C2
1.898713,0.681311,C1
0.912913,1.688440,C4
1.994353,1.686098,C3
0.355105,0.111527,C1
1.038840,0.604815,C4
1.037417,0.629317,C4
0.817077,0.835116,C3
1.730855,1.409174,C2
0.662159,0.658720,C1
0.909734,1.074462,C4
0.507222,1.791318,C1
0.623190,1.661557,C1
1.692969,0.814818,C1
1.806488,0.619144,C1
1.462090,0.175585,C1
0.972114,1.956295,C4
0.979983,0.793666,C3
0.160121,1.288436,C1
1.191913,0.751803,C2
1.529136,0.235339,C2
1.859912,0.019367,C4
1.033877,0.392900,C4
0.718460,1.715205,C1
0.262015,1.930507,C4
1.846172,0.024660,C4
1.692627,0.758412,C1
1.071420,1.559921,C2
0.390482,1.164561,C1
1.513029,0.689138,C1
0.464819,1.837956,C2
0.202883,0.158573,C3
1.498254,0.275660,C1
1.145484,0.193421,C4
0.590889,1.713177,C1
1.140213,0.186711,C4
1.666661,1.922975,C3
0.225225,1.072067,C4
1.253424,0.493527,C1
0.697651,1.524918,C1
1.075186,0.531311,C2
1.322943,1.248066,C1
0.484412,0.120797,C1
0.566932,1.771386,C1
0.014236,0.332513,C3
0.467344,1.431701,C1
1.144867,0.086867,C4
1.107256,0.497773,C1
0.755465,1.761498,C1
0.561144,0.766608,C1
1.672167,1.072466,C3
0.654900,1.381167,C2
1.224944,0.464713,C1
0.914387,1.105844,C4
1.790391,1.014775,C3
1.672808,0.844955,C1
0.924506,1.678823,C4
0.465375,0.800763,C2
1.878996,0.611667,C1
1.560447,0.341420,C2
0.046567,1.237463,C4
0.759536,1.385531,C2
1.195120,1.770412,C2
0.444263,1.908867,C2
1.227747,0.963846,C4
1.256546,1.040078,C3
0.644838,1.008648,C4
0.769039,1.136107,C4
1.886596,0.707051,C1
0.035994,1.214305,C4
0.298688,0.315435,C1
0.010463,0.167097,C3
1.590734,1.779800,C1
1.471938,1.296364,C1
0.346759,0.480209,C1
0.329233,1.878551,C2
1.398727,1.055535,C3
0.946631,0.707809,C3
0.688680,0.397440,C2
1.486993,0.863345,C2
0.622010,1.482610,C2
1.173756,0.308448,C1
0.853799,0.354807,C2
1.844434,1.352512,C2
0.952155,1.273414,C4
1.201455,1.493692,C1
0.446882,1.812717,C2
0.761846,0.708654,C1
0.398824,0.526227,C2
1.665501,1.867229,C1
0.814631,0.682959,C1
0.222467,1.623576,C2
1.983687,0.537628,C4
0.362882,0.871824,C2
1.128347,1.614321,C2
1.998902,0.652956,C4
0.635647,1.563275,C1
0.716152,1.261058,C2
0.578034,1.292976,C2
1.182963,1.220859,C1
0.232666,1.284853,C1
0.198826,0.794829,C2
0.873273,1.265451,C2
1.399217,1.726926,C2
1.235506,0.741014,C2
0.292159,1.041417,C4
1.746171,1.291995,C2
1.522559,1.889018,C1
1.858709,0.980121,C4
0.043600,0.668926,C3
0.651693,0.738148,C1
0.220133,0.954160,C3
0.224120,0.192605,C1
1.797251,1.108924,C3
0.360694,0.012335,C3
1.137903,1.910578,C3
1.442257,1.580748,C2
0.166630,0.975083,C3
0.640975,0.557294,C1
0.052190,0.333650,C3
0.066863,0.723703,C3
1.820058,0.119639,C4
0.721645,0.403150,C2
1.806483,0.998574,C4
0.867932,1.695574,C1
0.148981,0.710482,C2
1.736141,0.789940,C1
1.353854,1.892583,C2
1.368529,1.694347,C2
1.389539,1.211689,C1
0.839180,1.867416,C4
1.725258,1.759500,C1
0.090718,0.439515,C1
1.267693,1.650307,C2
1.192990,1.979929,C3
0.244064,1.809453,C2
0.955911,1.096173,C4
1.738229,1.052208,C3
0.518103,1.544208,C1
0.807106,0.726573,C1
0.784943,1.983431,C4
1.887936,0.429826,C2
1.404044,1.027845,C3
0.552580,0.607471,C1
1.343197,0.824933,C2
1.573295,1.204579,C2
1.075213,1.036307,C3
1.735087,1.963313,C3
1.876080,1.799304,C3
0.862968,1.446803,C2
0.807292,1.016269,C4
0.128152,0.418310,C1
0.580173,0.148336,C2
0.855409,0.815999,C3
1.689460,1.583109,C1
1.774512,0.237428,C2
1.955359,1.600727,C3
1.941916,1.584212,C3
1.927762,1.980345,C3
0.404501,0.316139,C1
1.483244,0.369185,C1
0.085425,1.625352,C2
1.384918,0.678853,C2
0.342833,0.765017,C2
1.577191,1.978708,C3
0.185363,1.753268,C2
1.551898,1.623663,C1
0.224107,0.721992,C2
1.249262,1.683847,C2
0.098877,0.291394,C3
1.646570,1.136154,C2
1.337335,0.525086,C2
0.439405,1.732786,C2
1.388745,0.256770,C1
0.034743,0.979454,C3
0.919814,1.878429,C4
0.452170,1.236017,C1
1.368284,1.041255,C3
0.668901,1.594860,C1
1.220650,0.144373,C4
0.446296,0.897459,C2
1.513570,0.972752,C4
0.739952,0.017095,C3
1.654249,1.394523,C2
0.422456,1.365805,C1
1.813274,1.639243,C1
0.237308,1.476207,C1
1.864081,1.352486,C2
1.654489,0.463926,C2
1.126441,1.358456,C1
0.612597,0.193928,C2
0.017047,1.861158,C4
0.009425,1.054137,C4
0.118510,1.675976,C2
0.242324,1.382300,C1
1.148734,1.007358,C3
0.101613,1.797139,C4
1.845894,1.274608,C2
0.884801,0.952391,C3
0.879897,1.536631,C1
0.726276,1.562456,C1
1.559438,0.177811,C2
1.826646,1.940897,C3
0.324466,0.691009,C2
0.517786,0.748166,C1
1.797051,1.630009,C1
0.914175,1.162463,C4
0.509391,1.102576,C2
1.277996,1.267752,C1
1.335846,1.536597,C2
0.164987,0.095511,C3
1.126646,0.875621,C4
0.919916,1.461876,C2
1.074081,1.846445,C3
0.155071,0.509418,C2
0.937694,1.490199,C2
0.472066,0.692893,C2
0.413229,0.759733,C2
1.876731,1.840823,C3
1.650731,0.659931,C1
0.088811,0.879922,C3
0.210476,1.143900,C4
1.262649,1.826899,C2
1.591024,1.776819,C1
1.511980,0.732272,C1
0.871974,1.040545,C4
0.071405,0.403403,C1
1.984646,0.075929,C4
0.929105,0.939051,C3
0.657143,0.646085,C1
1.329751,1.375293,C1
1.175938,0.152726,C4
0.673571,1.072765,C4
1.764355,0.648970,C1
0.026965,0.867754,C3
0.598984,1.965877,C4
0.711997,1.464715,C2
0.268299,1.306286,C1
0.256592,0.065427,C3
0.823442,0.958355,C3
1.364162,1.810009,C2
0.479339,0.142551,C1
0.500886,0.247657,C2
0.495016,0.429629,C1
1.200793,0.760002,C2
0.795189,0.653511,C1
1.253263,0.627578,C2
1.490904,0.791769,C2
0.564513,1.259977,C2
0.615205,0.897756,C1
1.674080,0.002837,C4
0.110516,0.842275,C3
1.659277,0.889874,C1
0.387612,1.358965,C1
0.475049,1.725786,C2
0.621786,0.686448,C1
0.653596,0.965885,C3
1.359979,1.961595,C3
0.727608,0.000934,C3
1.983392,0.442093,C4
1.742877,0.660724,C1
0.103256,0.622824,C2
0.790548,0.017491,C3
1.063181,1.359405,C3
1.616171,0.900392,C1
1.379675,0.223559,C1
0.052219,0.924796,C3
0.173137,0.488809,C1
1.272659,1.295237,C1
1.424849,1.381329,C1
0.682621,1.158471,C2
1.241172,0.529601,C2
0.633181,1.863131,C1
0.214354,0.907866,C3
1.090697,0.125074,C4
1.440088,0.992177,C4
1.892121,1.802573,C3
1.785128,0.334193,C2
1.282138,0.753104,C2
1.593994,1.306681,C2
0.054958,0.073536,C3
0.181994,1.386026,C1
0.813015,1.918138,C4
1.182501,1.010868,C3
1.606807,1.043855,C3
1.099609,1.792314,C3
0.534545,0.249933,C2
0.263016,0.650016,C2
0.757240,0.958994,C3
1.790171,1.309712,C2
1.824309,1.329299,C2
1.131431,1.521671,C2
1.206731,1.492973,C1
0.307176,0.345811,C1
1.499239,0.782549,C2
1.041531,0.898066,C4
1.880001,1.138300,C3
1.655554,0.063944,C4
1.105664,0.281351,C4
1.803435,1.859006,C3
1.571614,1.692697,C1
0.918485,1.352358,C2
1.781763,1.955785,C3
0.581363,1.368045,C2
1.949097,1.600435,C3
1.931213,0.540592,C1
0.387704,1.228418,C1
0.711079,0.724753,C1
0.858934,0.406111,C2
0.572175,0.245847,C2
1.098804,0.577220,C2
1.857279,1.025906,C3
0.380717,1.078645,C1
0.241739,0.232185,C1
1.157007,1.235116,C1
1.331265,0.768389,C2
0.574786,1.463348,C2
1.598894,1.665349,C1
1.976010,0.334002,C4
0.889219,1.226640,C4
0.368656,0.619840,C2
1.126172,0.646033,C2
1.295324,1.501030,C2
1.831361,1.737442,C1
1.527558,0.303649,C2
1.593139,1.404399,C2
0.578616,1.414976,C2
1.722341,1.524878,C1
0.154391,0.349303,C1
1.988752,0.038666,C4
0.351610,1.330501,C1
0.553150,1.198253,C2
0.664416,1.212720,C2
0.992905,0.180582,C3
0.674886,1.078128,C4
0.664872,1.555813,C1
1.679979,1.430713,C2
0.557470,0.470580,C2
0.446874,1.547726,C2
1.254593,1.827053,C2
1.790607,0.255421,C2
0.667149,0.225446,C2
1.732364,0.163343,C2
0.783774,1.986438,C4
1.623758,0.221480,C2
0.850443,0.181299,C3
1.811837,0.357170,C2
1.109401,0.271352,C4
1.171565,0.903747,C4
0.511065,1.694710,C1
0.146938,0.550473,C2
1.658226,1.537083,C1
1.818866,1.623388,C1
0.650091,0.284750,C2
1.957399,0.649292,C4
0.464417,0.581645,C2
1.017841,1.360139,C3
0.049176,1.898803,C4
0.604720,0.562720,C1
1.390913,1.073280,C1
0.054574,0.628561,C3
1.485137,0.784945,C2
1.477931,1.751583,C2
1.354817,1.213417,C1
1.852837,0.576095,C1
0.046229,0.353699,C3
0.576735,1.315325,C2
1.877129,1.767929,C3
0.260428,1.060729,C4
0.120409,0.911984,C3
1.487361,0.624914,C2
1.777121,0.599480,C1
0.763356,1.966097,C4
0.125915,0.652074,C2
0.946421,1.009580,C4
0.331697,0.333786,C1
1.073202,0.511813,C2
0.554464,0.778365,C1
1.688092,1.505200,C1
0.720011,0.292604,C2
0.532961,1.816858,C1
1.397388,0.154778,C1
1.769947,0.172143,C2
0.073695,0.326250,C3
1.786671,0.473828,C2
1.525016,1.355604,C2
0.072718,0.990378,C3
0.952973,0.678473,C3
0.658156,1.391869,C2
1.089610,0.502605,C2
0.169340,0.839673,C3
1.569001,0.516481,C1
0.684185,0.666086,C1
0.522184,1.771176,C1
1.258557,1.572687,C2
0.572736,0.258949,C2
1.247365,1.731269,C2
0.193496,1.948395,C4
1.358424,0.688769,C2
0.730641,1.334811,C2
0.754070,0.557720,C1
1.309547,0.925760,C4
0.455001,0.616277,C2
0.307543,1.505646,C2
0.802738,0.147018,C3
1.111882,0.509434,C2
1.801572,1.111231,C3
1.476962,0.384484,C1
1.787826,1.085518,C3
1.953017,0.430803,C4
0.063673,1.780114,C4
1.579214,0.283823,C2
0.884757,1.413396,C2
0.317299,0.940170,C3
1.505273,0.234626,C2
1.547607,0.025697,C4
1.861150,1.567072,C1
0.357515,1.866389,C2
1.911396,1.886211,C3
0.323038,1.846581,C2
0.659666,0.652797,C1
1.017559,0.525248,C4
0.442508,1.888170,C2
0.577309,0.029962,C3
1.197765,0.809236,C2
0.311472,1.359431,C1
0.115981,0.233162,C3
1.565467,0.399382,C2
0.329702,0.916851,C3
0.829162,0.692847,C1
0.109940,1.513922,C2
1.427491,0.304771,C1
1.416062,1.411898,C1
1.039132,0.482164,C4
1.584817,1.354992,C2
1.759626,1.234872,C2
0.446150,0.462851,C1
1.458503,1.448337,C1
1.217914,0.023290,C4
1.775687,0.688584,C1
1.158557,0.267064,C1
1.260673,0.470960,C1
1.146288,0.225323,C4
1.878639,0.438022,C2
0.105201,0.725490,C3
1.390900,1.628247,C2
0.513279,0.598853,C1
0.962770,0.816121,C3
1.104161,0.253256,C4
0.760140,0.765450,C1
0.313987,0.906845,C3
0.266763,1.161580,C1
1.026626,1.983920,C3
0.587436,1.974542,C4
1.735008,1.441486,C2
1.097991,1.053973,C3
1.363255,0.125220,C1
0.461188,0.867959,C2
0.683752,1.646107,C1
0.248332,1.471832,C1
0.515267,1.724114,C1
0.189604,0.029221,C3
1.702642,1.462809,C2
1.421835,1.506518,C2
0.255587,1.598950,C2
0.010641,0.523255,C3
0.963515,1.413614,C4
1.494524,0.764684,C2
0.305332,0.696546,C2
0.231773,1.849214,C2
0.537540,1.922943,C1
0.926688,0.092159,C3
1.470978,0.632022,C2
1.869859,1.218613,C3
0.635955,0.889243,C1
0.147928,1.752047,C2
0.287507,1.669178,C2
0.361466,1.541605,C2
1.016947,1.013574,C3
0.235315,0.689866,C2
0.612839,1.899238,C1
0.913923,0.004185,C3
1.253975,0.892963,C4
0.704932,1.018539,C4
0.118884,1.875770,C4
0.567446,1.619160,C1
0.060868,0.386342,C3
1.737150,0.356035,C2
0.124501,1.463592,C1
0.538627,0.633685,C1
0.368983,1.260880,C1
0.655920,1.148500,C2
1.715695,0.159489,C2
0.915615,1.176171,C4
1.351762,0.626528,C2
0.982406,0.611657,C3
1.598358,0.642533,C1
0.275287,1.025394,C4
1.091985,1.166580,C3
0.883281,1.423320,C2
1.628861,1.811841,C1
1.292733,0.884606,C2
0.087039,0.672066,C3
0.333981,1.799805,C2
0.467824,0.069558,C1
1.913361,0.043463,C4
0.287502,1.887795,C2
0.817237,0.089076,C3
0.302355,0.106910,C1
0.157938,1.810582,C4
0.864380,0.177855,C3
1.877199,1.513423,C1
0.082099,0.951104,C3
1.130879,0.599542,C2
0.400283,1.018379,C4
1.349470,1.194485,C1
1.214377,1.530914,C2
1.302089,1.051140,C3
1.699864,1.825398,C1
0.587343,0.093440,C2
0.163753,0.518758,C2
1.632688,0.074713,C2
1.914841,1.125592,C3
0.504577,0.999167,C3
0.901337,1.707067,C4
1.614912,1.191342,C2
1.178902,0.577741,C2
0.755011,0.197188,C2
0.649116,0.676781,C1
0.796512,1.061743,C4
1.447804,1.852704,C2
0.869326,0.952222,C3
0.864659,1.015760,C4
0.859968,0.581671,C1
1.739998,0.879729,C4
0.669284,1.437134,C2
1.911482,0.844941,C4
1.826818,1.427638,C2
0.473066,0.466906,C1
1.779732,0.241121,C2
0.360392,0.910048,C2
0.457428,1.435753,C1
0.091307,0.803579,C3
0.558706,1.089926,C2
0.367133,1.996659,C4
1.416501,0.696522,C2
1.679764,1.852534,C1
1.265938,0.910904,C4
1.071631,1.926459,C3
0.274658,0.748383,C2
1.760018,0.139758,C2
0.790072,1.875751,C4
0.464164,0.892472,C2
1.916377,1.752822,C3
1.963058,0.949608,C4
0.754916,0.553699,C1
0.663758,0.391105,C2
0.424625,1.033867,C4
0.774538,1.433176,C2
1.325033,1.808007,C2
0.054129,1.508800,C2
1.012488,0.864766,C4
1.047731,0.637682,C4
1.530978,1.568543,C1
0.222486,0.821113,C2
1.072105,1.884681,C3
1.479501,0.964696,C4
1.434514,1.113282,C1
0.146495,0.662035,C2
1.911228,1.028193,C3
0.744594,0.065006,C3
1.954095,1.991526,C3
0.574729,1.021362,C4
1.247714,1.350435,C1
1.483576,0.677949,C2
0.670944,1.221656,C2
0.045912,0.827935,C3
1.032268,1.630678,C3
1.839709,0.423002,C2
0.436035,0.896240,C2
0.492267,0.876543,C2
1.669742,0.137154,C2
0.740101,0.051469,C3
0.098292,0.827299,C3
0.872289,1.156335,C4
0.209307,1.435967,C1
1.616423,1.166050,C2
1.174312,1.364545,C1
1.778241,1.838516,C1
0.573808,1.626868,C1
1.760518,0.916133,C4
0.779929,0.019403,C3
0.463696,1.681169,C2
0.398621,1.888729,C2
1.010212,1.676590,C3
1.643941,0.027642,C4
0.236445,0.108996,C3
1.550318,0.717521,C1
1.960629,0.217921,C4
0.524288,1.483405,C2
0.662058,1.725803,C1
1.895444,1.739610,C3
0.396343,1.375532,C1
0.847018,0.177469,C3
1.523443,0.517538,C1
0.389746,0.483183,C1
1.139658,1.725982,C2
1.888344,1.772539,C3
1.981684,1.503684,C3
0.058138,1.990613,C4
1.010343,1.277986,C3
1.320099,1.448394,C1
0.883494,0.094844,C3
1.935723,1.654585,C3
1.092130,1.686018,C3
0.438910,1.649689,C2
0.660589,1.914298,C1
1.540197,0.160782,C2
1.001283,1.994294,C3
1.899400,1.069235,C3
1.766283,0.341378,C2
1.945930,1.919958,C3
0.352561,1.418975,C1
0.271734,0.499564,C1
1.094642,1.534442,C2
0.030048,0.872199,C3
1.117875,1.176382,C3
0.243810,1.685588,C2
0.327476,1.191291,C1
0.960821,0.046190,C3
1.072960,1.865051,C3
1.788423,1.811178,C1
0.654520,1.804810,C1
0.498675,1.756298,C2
1.027378,1.409425,C3
0.115708,0.752460,C3
0.812079,1.671668,C1
1.180142,1.820289,C3
1.033145,1.073014,C3
0.731166,0.730646,C1
1.885477,1.411887,C2
0.955049,1.680484,C4
1.267324,1.548819,C2
0.419603,0.497224,C1
0.820612,0.257075,C2
1.347275,0.811169,C2
1.783868,1.634837,C1
1.475278,0.684293,C2
1.089924,0.865161,C4
0.709372,0.295075,C2
1.830048,0.502470,C1
0.998582,1.452886,C4
1.458100,1.919427,C2
0.641382,0.951738,C3
1.922758,1.065634,C3
1.579555,0.072071,C2
0.292820,0.269647,C1
0.144136,1.900546,C4
0.380034,0.458394,C1
0.188564,0.561656,C2
1.365865,0.873168,C2
0.577375,1.941303,C4
0.503070,0.128925,C2
0.594438,0.031298,C3
1.589882,1.293715,C2
0.992989,0.635092,C3
1.104075,0.557629,C2
1.130382,0.848842,C4
1.636144,0.015759,C4
1.913688,0.468288,C2
1.575254,0.107200,C2
0.127993,0.270696,C1
0.878598,0.332242,C2
0.127424,1.982499,C4
1.194246,0.012462,C4
1.839661,1.667049,C1
0.609513,0.063484,C3
1.567868,0.253266,C2
0.861328,0.017799,C3
0.169704,1.974756,C4
1.972062,1.865072,C3
1.851266,1.600334,C1
1.963685,1.669964,C3
0.034518,0.510694,C3
1.555119,1.382562,C2
0.539972,1.912298,C1
1.562073,0.774111,C1
0.672076,0.778403,C1
0.095614,1.010784,C4
1.702984,0.468442,C2
1.595187,1.020840,C3
1.721074,1.400831,C2
0.233734,1.515579,C2
1.843784,1.640588,C1
0.297031,1.292077,C1
1.390049,0.811981,C2
1.766299,0.275779,C2
0.765808,1.357754,C2
0.522620,1.653596,C1
0.536773,0.840293,C1
1.343615,1.403227,C1
1.445840,1.716452,C2
0.177320,1.542008,C2
0.978233,0.816551,C3
0.055129,1.498677,C1
1.485664,1.619416,C2
0.445138,0.154009,C1
0.851522,0.339144,C2
0.849179,1.301357,C2
1.212266,1.825598,C2
0.011268,1.545719,C4
0.345942,1.329493,C1
0.232171,1.990027,C4
1.996916,1.294221,C3
1.974221,1.449916,C3
1.626635,0.510439,C1
1.192487,1.393343,C1
0.863428,0.205717,C3
0.642842,1.318972,C2
1.270054,1.940431,C3
0.794434,1.867327,C4
1.955923,1.542358,C3
1.913518,1.601316,C1
0.031594,1.736303,C4
0.387550,0.097767,C1
1.936396,1.611387,C3
1.422911,0.759229,C2
1.265676,1.617466,C2
0.876579,1.585360,C1
0.882411,0.393474,C2
1.171506,1.035781,C3
1.818624,0.404322,C2
1.997432,1.071400,C3
0.755223,1.099293,C4
1.813304,0.478728,C2
1.714620,1.103718,C3
1.044434,0.661839,C4
0.008654,0.817048,C3
0.306962,1.229181,C1
1.455074,1.714243,C2
0.994182,1.907514,C4
1.409026,0.633753,C2
1.123692,0.582857,C2
0.251698,0.384188,C1
0.471324,0.598372,C2
0.636467,0.113076,C2
1.707245,1.831722,C1
1.013619,0.054985,C4
0.501565,1.529492,C1
1.737896,1.512566,C1
1.381272,0.393851,C1
0.408826,0.222925,C1
1.497219,0.996725,C4
0.002016,1.623070,C4
1.399395,1.239296,C1
0.820270,1.951974,C4
0.420617,1.279757,C1
1.326604,1.613159,C2
0.333278,0.119800,C1
1.516936,0.770510,C1
0.570685,1.870415,C1
1.648434,1.761367,C1
1.494039,1.610145,C2
0.860191,0.584772,C1
0.938001,0.704018,C3
0.506129,0.459062,C2
1.582287,1.468965,C2
1.865713,0.241852,C4
0.573652,1.151602,C2
1.306259,1.366757,C1
0.262115,1.326831,C1
1.941342,0.875036,C4
1.917186,1.030814,C3
1.363000,1.106682,C1
0.854353,0.209411,C3
0.121128,0.664298,C2
1.528997,0.393300,C2
1.281671,0.374416,C1
0.844401,1.903532,C4
1.615923,0.144780,C2
1.172430,1.346389,C1
1.756442,1.852401,C1
1.399944,1.673950,C2
0.000798,1.696047,C4
0.690937,1.666899,C1
0.352555,0.808153,C2
1.593868,0.338635,C2
1.859632,1.344950,C2
0.625583,0.464864,C2
1.343342,0.759973,C2
1.527694,0.210398,C2
1.207149,1.514891,C2
1.018231,0.655000,C4
0.172370,1.092975,C4
1.050832,1.912651,C3
1.508744,1.854317,C1
1.345696,1.493729,C1
0.611022,0.008249,C3
1.270971,1.577142,C2
1.618397,1.777252,C1
1.030203,0.939560,C4
1.181826,0.687958,C2
0.550929,0.431441,C2
0.454990,0.848673,C2
0.471447,0.094650,C1
1.917833,1.059201,C3
1.187251,1.284026,C1
1.737339,1.647549,C1
1.045569,0.485354,C4
1.028385,0.039433,C4
1.465897,0.914752,C2
0.598257,0.240352,C2
1.016375,1.439578,C3
1.541551,1.646270,C1
0.290308,1.878538,C2
0.397956,1.897859,C2
0.804082,1.318745,C2
0.493567,0.854486,C2
0.077175,1.730068,C4
0.557101,0.188049,C2
1.556935,0.862184,C1
1.735590,1.583015,C1
0.115221,0.177324,C3
0.729832,0.077908,C3
1.470986,1.401769,C1
1.928065,1.694768,C3
1.082308,1.171772,C3
1.137065,0.176967,C4
0.803354,1.204596,C2
1.793033,0.392083,C2
1.916183,1.442999,C2
1.380380,1.755363,C2
1.024285,1.701534,C3
1.194683,1.890618,C3
0.734171,1.485623,C2
0.556817,0.669262,C1
0.053308,1.859450,C4
1.118465,1.754490,C3
1.997132,1.506285,C3
1.994885,0.826437,C4
0.024823,1.454925,C4
0.119075,0.775499,C3
0.612999,1.338540,C2
0.432099,0.324813,C1
0.528409,0.507264,C1
1.307625,1.779211,C2
0.175190,1.833452,C4
1.954359,1.896814,C3
0.769180,0.628631,C1
0.448308,1.240750,C1
1.031238,1.733707,C3
1.517483,1.792293,C1
0.593502,0.549105,C1
0.234873,0.093085,C3
0.376916,0.539072,C2
1.371205,1.732882,C2
0.825371,0.574476,C1
0.317227,0.610642,C2
1.071202,0.370981,C4
0.205949,1.070563,C4
1.858780,1.234590,C2
1.148462,0.751035,C2
0.367370,0.344093,C1
1.342698,0.783274,C2
1.951372,1.880066,C3
0.222640,1.837754,C2
0.255541,1.452618,C1
0.786264,1.440369,C2
1.164707,1.485182,C1
1.773627,1.966594,C3
1.611990,0.479217,C2
0.462275,1.770729,C2
1.396444,0.414753,C1
1.505310,0.018660,C4
0.850530,1.934313,C4
0.458187,0.966360,C3
1.449755,0.412811,C1
0.423487,1.662749,C2
0.271285,1.533594,C2
0.588642,0.354264,C2
0.585281,0.570900,C1
0.339765,1.229925,C1
1.802161,1.221549,C2
0.105474,0.569416,C2
0.500951,1.533797,C1
0.117758,1.843097,C4
0.328333,0.248829,C1
0.872686,0.861652,C3
0.184962,0.700471,C2
0.231916,0.684418,C2
1.305054,1.311258,C1
1.826702,1.669279,C1
0.587243,1.678095,C1
1.709279,0.783311,C1
1.849101,1.258301,C2
1.042209,0.092222,C4
0.554719,1.746925,C1
0.024488,1.207937,C4
1.004176,0.378798,C4
0.223905,0.397516,C1
1.975671,1.593847,C3
1.018349,0.042919,C4
1.375566,0.771793,C2
0.944464,0.189965,C3
0.578522,0.072427,C2
0.410268,1.036138,C4
0.829377,0.810240,C3
0.449022,1.380772,C1
1.330355,1.247247,C1
0.974879,1.297399,C4
1.451661,1.205438,C1
1.346514,1.586954,C2
1.880468,1.480369,C2
1.953159,1.931795,C3
1.462736,0.679967,C2
0.008156,0.094356,C3
1.994294,0.817718,C4
1.768357,1.990579,C3
0.282025,1.756974,C2
0.993396,1.017078,C4
1.422986,1.433205,C1
1.617050,0.622348,C1
1.438718,1.673589,C2
1.323646,0.786124,C2
1.153979,0.388406,C1
0.005622,0.807359,C3
0.523568,1.926313,C1
0.924099,1.600087,C1
1.487858,0.465599,C1
0.802500,0.557788,C1
1.877145,0.456166,C2
0.053956,0.970684,C3
0.886817,1.331983,C2
1.876450,1.966741,C3
0.209847,0.981423,C3
1.045359,1.995951,C3
0.040049,1.792883,C4
1.891233,0.988836,C4
1.848984,0.485745,C2
0.171368,1.493909,C1
0.091364,0.391758,C1
1.326960,1.335165,C1
0.808258,0.369520,C2
1.963261,1.629525,C3
0.474348,0.114827,C1
0.298439,0.365444,C1
1.374937,1.272215,C1
0.797498,1.167762,C2
0.300381,1.458111,C1
0.240825,1.360173,C1
1.410040,0.073576,C1
1.072652,0.985542,C4
1.744825,0.614728,C1
1.032903,1.055607,C3
1.056854,0.081462,C4
1.796612,0.975438,C4
0.376691,0.040229,C3
1.628297,1.824366,C1
0.053085,1.914140,C4
1.904378,1.973898,C3
1.877100,1.153805,C3
0.764931,0.384482,C2
1.341954,1.084851,C1
1.126766,0.846815,C4
1.091854,1.433164,C1
0.823046,1.419695,C2
1.177568,0.796462,C2
1.730318,1.365266,C2
1.863421,0.660907,C1
0.402094,0.993830,C3
0.419855,0.954009,C3
0.948752,0.004216,C3
0.587655,1.580194,C1
1.686810,1.142043,C2
0.214389,0.902947,C3
0.426242,0.297016,C1
0.940559,0.717537,C3
1.172789,1.521761,C2
1.752424,1.900927,C3
1.492860,1.878490,C2
1.720404,1.630506,C1
0.821862,0.506135,C1
0.306424,1.830901,C2
1.592476,0.849445,C1
0.250515,1.338186,C1
1.217607,0.602797,C2
0.236436,1.163373,C1
1.683447,0.595394,C1
0.288044,1.192180,C1
0.791282,1.580758,C1
0.162587,1.675609,C2
0.932382,0.692325,C3
1.884033,1.945978,C3
1.688514,1.188243,C2
1.999041,1.935616,C3
1.521326,0.032304,C4
1.140081,1.280500,C1
1.347045,1.844283,C2
0.044711,0.058709,C3
0.888648,0.801760,C3
0.306936,0.543633,C2
1.355848,0.186873,C1
0.826052,0.744465,C1
1.223963,0.445222,C1
1.170315,1.961566,C3
1.665927,0.860513,C1
0.887238,0.101892,C3
0.537394,1.247357,C2
1.169267,0.079737,C4
0.723122,0.425934,C2
0.223041,0.270617,C1
0.123486,1.666103,C2
0.192394,1.691218,C2
0.593212,1.774838,C1
1.549720,0.345903,C2
1.740087,0.049708,C4
0.497243,1.010325,C4
0.649648,1.932450,C4
0.109242,0.615320,C2
0.322508,1.870500,C2
0.698173,1.349287,C2
1.894221,0.630699,C1
1.202132,1.614864,C2
0.553271,0.108186,C2
1.268025,1.055781,C3
0.480969,1.534848,C2
1.144280,0.012352,C4
0.107763,0.915508,C3
1.498889,1.969139,C3
1.513652,0.506370,C1
1.843006,1.825902,C3
0.896106,1.199053,C4
0.367298,1.153046,C1
0.687098,1.784897,C1
1.687701,1.985303,C3
0.121553,1.248036,C4
0.249149,1.162542,C1
1.842728,1.472050,C2
1.950362,1.744096,C3
1.475727,0.043878,C4
0.929666,0.603138,C1
1.008583,0.199953,C4
0.391316,1.950178,C4
1.291010,1.383374,C1
1.853726,1.239851,C2
1.994161,1.367266,C3
0.265468,0.682731,C2
0.970405,1.448276,C4
1.061851,0.413991,C1
1.110371,1.825520,C3
1.424364,0.263309,C1
1.515166,0.954094,C4
1.757177,0.025490,C4
1.084928,0.398594,C1
0.709401,1.148868,C2
0.470530,1.510946,C2
1.948721,1.838599,C3
0.743492,0.118127,C3
1.331481,0.714580,C2
0.109841,0.329241,C1
1.116259,1.368761,C1
1.526862,0.557687,C1
1.432427,1.434224,C1
0.177400,1.903034,C4
0.342113,1.108475,C1
0.414554,1.148509,C1
0.523482,1.465967,C2
1.010337,1.803852,C3
0.855174,0.349957,C2
1.325048,0.859613,C2
0.996187,1.151368,C4
1.359826,0.217802,C1
0.432477,1.362424,C1
1.563049,0.125110,C2
0.400963,1.435384,C1
1.731953,1.358784,C2
1.603613,0.181792,C2
0.384041,1.401518,C1
0.688705,0.715226,C1
0.568550,1.390610,C2
0.103335,0.770627,C3
1.246475,1.237893,C1
1.110702,1.125847,C3
1.088306,1.990850,C3
0.517620,1.806139,C1
1.821887,1.241587,C2
1.972195,1.769899,C3
1.108471,1.189212,C3
0.568546,1.854040,C1
0.333264,1.822460,C2
0.934885,0.899951,C3
0.667462,1.613272,C1
1.983263,1.186087,C3
1.291967,1.098327,C3
0.063699,1.560798,C2
0.768687,0.774365,C1
0.392388,0.999101,C3
0.203531,1.844493,C4
0.313140,1.699657,C2
1.065892,0.526447,C2
1.203128,1.293303,C1
1.312644,1.870155,C2
0.648517,0.252082,C2
0.810353,1.330747,C2
0.892451,1.167752,C4
0.957628,1.704500,C4
1.497380,1.211389,C1
1.880224,1.459019,C2
1.665611,1.790714,C1
1.604727,1.975309,C3
0.726465,0.189419,C2
1.212343,1.768194,C2
1.925341,0.802775,C4
0.132516,1.362876,C1
0.839465,0.476450,C2
0.456822,1.179272,C1
1.497032,1.410495,C1
0.436749,0.512061,C2
0.590939,0.108055,C2
1.174729,0.493239,C1
1.055201,1.928438,C3
0.925946,1.785278,C4
0.711671,1.946746,C4
0.399167,0.676833,C2
1.696564,0.027370,C4
1.978051,1.239248,C3
1.940791,1.286191,C3
1.880076,0.250977,C4
1.105037,0.446454,C1
0.928452,1.708309,C4
0.059974,1.985826,C4
0.833058,0.914680,C3
1.253960,1.427235,C1
0.659688,0.377114,C2
1.125022,0.643681,C2
0.512544,1.037229,C4
1.090867,1.627255,C2
0.363160,0.725517,C2
0.590148,0.815225,C1
1.429619,1.151475,C1
0.150114,1.771080,C2
1.543139,1.228466,C2
0.520279,1.786038,C1
0.534804,0.081032,C2
1.538672,1.796575,C1
0.833409,1.693708,C1
1.586672,0.906135,C1
0.186124,0.834200,C3
1.240412,0.754230,C2
1.696835,0.620137,C1
1.041177,0.993749,C4
1.222766,1.897427,C3
1.184166,1.217346,C1
1.578181,1.459568,C2
0.364450,0.816376,C2
0.964634,0.061110,C3
0.020914,0.460903,C3
1.580493,0.164774,C2
0.783421,1.156912,C2
1.458125,1.410571,C1
0.055375,1.166910,C4
0.235345,0.906596,C3
1.353347,1.472682,C1
1.788438,1.614994,C1
1.277338,0.914069,C4
1.437274,1.342921,C1
0.799747,0.655176,C1
0.778711,1.147158,C4
1.938033,0.209538,C4
1.112715,1.322361,C1
0.815536,1.898306,C4
0.896322,1.566758,C1
1.616859,1.320634,C2
1.693740,1.405431,C2
1.008677,0.182998,C4
0.686654,1.500149,C1
1.223784,0.664267,C2
1.966923,0.086052,C4
0.195652,1.385928,C1
1.554635,1.449306,C2
0.882720,0.011929,C3
0.367634,1.096178,C1
1.236080,0.520213,C2
1.214369,1.062821,C3
1.141202,0.268047,C1
0.290093,0.676363,C2
1.103770,1.115881,C3
0.627177,1.001749,C4
1.451659,0.079511,C1
0.483466,1.195091,C1
0.389553,0.247913,C1
1.748343,0.033120,C4
0.369622,0.034196,C3
0.104346,1.999668,C4
0.931180,0.219691,C3
1.902898,0.483916,C2
0.414145,1.706280,C2
0.495913,0.881494,C2
0.765610,0.409645,C2
1.110739,1.688338,C2
1.035783,1.306180,C3
0.264097,0.038528,C3
0.098994,1.288926,C4
1.181405,1.561178,C2
1.637424,0.192911,C2
0.721038,0.917761,C3
0.489682,1.117911,C1
1.898814,0.930090,C4
1.093282,1.006689,C3
1.266182,0.820499,C2
1.939544,0.329356,C4
0.116287,1.759594,C4
0.711385,0.679586,C1
0.775307,0.653283,C1
1.088936,1.105995,C3
0.082149,0.899612,C3
0.084844,0.082041,C3
1.567788,1.707252,C1
0.210611,0.160431,C1
1.816250,1.491354,C2
1.777234,0.563058,C1
1.022436,1.848750,C3
1.197898,1.225087,C1
0.857687,0.663368,C1
1.287400,0.141887,C1
0.412196,0.004016,C3
1.242454,0.260070,C1
1.204065,0.650552,C2
1.238978,0.609008,C2
1.028037,0.320741,C4
1.396898,0.886731,C2
1.762591,0.968972,C4
1.239982,1.294233,C1
0.162338,1.889322,C4
1.717659,0.054756,C4
1.133327,1.779257,C3
1.357726,1.759727,C2
0.022082,0.406627,C3
1.183318,0.450579,C1
0.044906,1.071420,C4
1.654431,0.175778,C2
1.142171,0.665064,C2
1.083795,0.654952,C2
1.263028,0.803901,C2
0.728802,0.637108,C1
0.369180,1.249794,C1
1.075658,0.557463,C2
1.292043,1.629636,C2
0.708908,1.177558,C2
1.985853,1.326874,C3
1.598890,0.035828,C4
0.689944,0.341987,C2
0.641665,0.740944,C1
1.046664,1.905167,C3
0.850416,1.407771,C2
0.317068,0.673326,C2
0.724233,1.865905,C1
0.494743,0.454808,C1
1.009708,0.663293,C4
1.338831,0.579096,C2
0.322653,0.342551,C1
0.130494,0.265058,C1
0.911774,0.985149,C3
1.302804,1.640155,C2
1.223022,1.598723,C2
0.002205,0.424344,C3
0.862850,0.565350,C1
1.110436,0.716221,C2
0.060526,0.073690,C3
1.288968,0.805313,C2
1.794104,1.225497,C2
0.203751,0.483226,C1
0.371643,0.337068,C1
0.246227,0.937693,C3
1.448663,0.848757,C2
1.787318,1.987398,C3
1.214829,1.210810,C1
1.284250,0.151788,C1
0.797281,1.131299,C4
0.405814,0.848875,C2
1.804989,0.652046,C1
1.749857,0.875421,C4
0.377957,0.661001,C2
0.697487,1.247665,C2
0.107069,1.654604,C2
1.481705,1.467122,C1
0.754811,1.831244,C1
0.643843,0.324779,C2
1.834053,1.927024,C3
0.709443,1.468389,C2
1.791542,0.597588,C1
1.135849,0.131322,C4
0.794700,0.604869,C1
0.367054,0.657832,C2
1.934769,0.585177,C1
0.176989,0.758381,C2
0.036322,1.755151,C4
1.390693,1.789999,C2
1.202574,1.554641,C2
0.543466,0.780507,C1
1.727921,0.930688,C4
0.071336,1.401720,C1
0.073557,0.734352,C3
0.221870,1.645614,C2
0.228988,1.532193,C2
1.032546,1.568755,C3
0.971714,0.026812,C3
1.444629,1.144090,C1
1.289292,0.235922,C1
1.903682,1.995584,C3
1.542461,0.597004,C1
0.643547,1.589956,C1
0.824958,1.244680,C2
0.258848,0.321134,C1
1.415096,0.850511,C2
0.141746,0.846869,C3
1.216153,1.620009,C2
1.891906,1.023257,C3
0.647036,0.309225,C2
0.904322,0.831782,C3
1.571689,0.453363,C2
1.997855,1.804780,C3
0.545116,0.392439,C2
0.168036,0.629087,C2
0.905864,1.134083,C4
1.330904,0.843939,C2
0.059289,1.611162,C4
0.270335,1.848035,C2
1.672833,0.471990,C2
1.909532,0.791994,C4
1.444021,1.183441,C1
1.498040,0.356260,C1
1.603854,0.932401,C1
1.338867,1.900859,C2
1.382690,1.578524,C2
0.275985,1.022211,C4
0.292687,0.741387,C2
1.320679,1.163548,C1
0.270326,0.997667,C3
0.515947,0.599312,C1
1.474483,1.119083,C1
0.421312,0.850241,C2
0.849977,1.299397,C2
0.446157,0.384653,C1
0.443465,0.398858,C1
1.667860,0.322810,C2
1.898029,1.377048,C2
1.741724,0.785032,C1
0.554715,1.290168,C2
0.042911,1.510581,C4
1.153790,0.496378,C1
0.276265,0.423159,C1
1.255380,0.042892,C4
1.448148,0.930180,C2
0.188647,0.601084,C2
0.315070,0.916832,C3
0.590607,0.770976,C1
1.207150,1.632243,C2
0.410112,1.094020,C1
0.470104,0.963902,C3
1.629530,0.693186,C1
0.677681,0.957835,C3
1.896064,0.101943,C4
0.237168,1.865830,C4
0.756605,0.548790,C1
1.043790,0.487360,C4
1.254514,0.731584,C2
0.435519,1.122665,C1
0.273614,0.945979,C3
1.858036,1.064796,C3
1.204184,1.324873,C1
1.370268,1.232235,C1
0.257659,1.900843,C4
0.404142,0.280055,C1
1.071228,1.221113,C3
1.037881,1.326383,C3
1.120440,1.324701,C1
0.450405,0.292294,C1
1.897408,0.033931,C4
0.195063,1.777049,C2
0.814146,0.717624,C1
1.464155,0.376968,C1
0.355022,0.950810,C3
1.611381,0.405005,C2
1.129262,0.825929,C4
1.857594,1.079462,C3
0.163916,1.063015,C4
1.325893,1.424082,C1
0.029607,0.521492,C3
0.335318,1.358099,C1
0.205885,0.233732,C1
0.228134,0.753660,C2
1.469920,0.660661,C2
1.913831,0.599334,C1
1.031762,0.512219,C4
0.783749,1.832279,C1
0.641297,1.180606,C2
1.683375,1.887964,C1
1.956537,0.601798,C4
0.225093,0.565144,C2
1.089798,0.190901,C4
1.882379,1.415149,C2
1.437784,0.389490,C1
0.027105,0.538361,C3
0.653543,0.318164,C2
0.354845,1.407062,C1
1.932739,1.045106,C3
1.988781,0.132711,C4
1.663590,0.061555,C4
0.960976,0.456984,C3
0.929323,0.697611,C3
1.740543,1.669770,C1
1.353926,0.416957,C1
1.011369,1.643652,C3
0.346423,0.196568,C1
0.997830,1.223187,C4
0.925879,1.527640,C1
1.295076,1.318680,C1
0.998760,1.966482,C4
0.381209,0.227941,C1
0.212258,0.619234,C2
0.771853,1.945850,C4
1.321630,1.461847,C1
1.123337,0.520384,C2
1.386537,0.976809,C4
0.498904,0.875101,C2
0.050860,1.230721,C4
0.483068,0.941875,C2
1.662392,0.221883,C2
1.862436,1.434028,C2
1.053263,0.094621,C4
0.187030,0.138836,C3
1.428921,0.647179,C2
0.684331,1.219687,C2
1.002931,0.452580,C4
1.718979,0.692026,C1
0.766824,0.866918,C3
1.274263,0.973538,C4
1.098654,1.217147,C3
0.777245,0.207846,C2
1.790899,0.540487,C1
0.997551,1.922330,C4
0.517796,0.390167,C2
1.720580,1.504507,C1
0.764124,0.427283,C2
0.429077,1.967736,C4
1.801936,1.786142,C1
1.322721,0.525841,C2
0.428676,0.530541,C2
0.663579,1.607562,C1
0.869576,0.910985,C3
1.655986,1.115602,C2
1.499169,1.587970,C2
1.852617,0.971328,C4
0.851241,1.503983,C1
0.424202,0.285042,C1
0.763441,1.666997,C1
1.538555,1.853050,C1
1.442284,0.750781,C2
1.565298,0.106592,C2
1.736195,0.122445,C2
1.855832,1.124022,C3
1.968696,1.675204,C3
1.443852,0.866451,C2
0.310816,1.674442,C2
1.169869,0.408412,C1
0.861241,1.717710,C1
0.453927,0.608898,C2
0.354657,1.864390,C2
0.223906,1.404497,C1
0.733238,1.008322,C4
0.352487,0.705143,C2
0.693132,1.646791,C1
1.364086,0.734334,C2
0.757286,0.341809,C2
0.143729,1.579525,C2
1.427904,1.374755,C1
1.913098,0.704684,C4
0.536248,1.362967,C2
1.834616,1.225873,C2
0.034503,0.936995,C3
1.262696,0.862012,C2
0.163821,1.969784,C4
1.881953,1.646835,C1
0.184665,1.304125,C1
1.755394,1.724355,C1
1.669983,0.442322,C2
0.651292,0.849000,C1
0.738724,1.242068,C2
1.925669,0.572896,C1
1.546649,0.305113,C2
0.708000,0.526617,C1
0.853351,1.450398,C2
1.170966,1.686030,C2
0.548832,0.430887,C2
1.260783,0.066719,C4
1.649972,0.883414,C1
1.422826,1.898756,C2
1.466637,1.393454,C1
0.577997,0.008479,C3
1.389162,0.511774,C2
1.888452,0.870194,C4
0.063383,1.577537,C2
0.697046,0.589601,C1
1.596330,0.282481,C2
1.433019,1.942050,C2
0.875185,1.053376,C4
1.247182,1.512552,C2
0.084017,1.535061,C2
1.673043,1.970826,C3
0.067295,1.723916,C4
1.706024,1.563461,C1
1.316110,1.631716,C2
0.351127,1.016613,C4
0.042512,0.752391,C3
1.910102,1.216497,C3
1.059287,0.059288,C4
1.062384,1.271243,C3
0.996993,0.778118,C3
1.139746,1.856519,C3
0.767004,1.760837,C1
1.902863,1.108656,C3
1.118750,0.928306,C4
0.598623,1.752840,C1
1.641344,1.954636,C3
0.110285,0.640253,C2
1.624170,1.133704,C2
0.608244,1.416888,C2
0.818031,1.198421,C2
0.267394,1.658077,C2
1.327853,0.755889,C2
0.337751,1.476605,C1
0.619926,1.956677,C4
0.138251,1.348622,C1
1.941097,1.034016,C3
0.389285,0.700368,C2
0.324314,0.428799,C1
0.707771,1.660082,C1
1.794320,1.358838,C2
1.059270,0.303270,C4
0.389308,1.895925,C2
1.494819,0.705856,C2
0.178757,1.881807,C4
1.595906,1.168554,C2
1.584655,0.344263,C2
0.709179,1.087123,C4
1.002726,1.467073,C3
0.273190,1.117027,C1
1.972291,1.622708,C3
0.322707,0.517292,C2
0.957781,0.494188,C3
1.601778,1.857255,C1
1.181928,1.892592,C3
0.624985,0.631148,C1
1.890070,0.519334,C1
1.497004,1.749362,C2
1.927001,1.627341,C1
1.333779,0.361503,C1
1.572201,1.302883,C2
1.724361,1.015231,C3
1.206287,1.919885,C3
0.830618,0.766159,C1
1.570934,0.211097,C2
1.442762,0.527942,C2
0.136500,0.355615,C1
1.591820,0.688013,C1
1.406015,1.499797,C1
0.165892,1.813234,C4
1.861183,0.208706,C4
0.385244,1.131087,C1
0.695453,1.487793,C2
0.961960,0.395821,C3
1.481209,1.219609,C1
0.303126,0.735331,C2
1.482566,0.127900,C1
1.212174,1.123368,C3
0.452195,0.711547,C2
0.201263,1.232979,C1
1.440098,1.983352,C3
0.748233,0.600945,C1
0.394150,0.303796,C1
1.614903,0.269292,C2
1.146729,0.117418,C4
1.689176,0.368759,C2
1.758672,1.979596,C3
1.721615,1.470493,C2
1.131276,0.904048,C4
0.797866,0.955990,C3
1.298990,1.766477,C2
1.421482,0.141707,C1
0.879916,0.267341,C2
1.677455,1.443538,C2
0.788188,1.786827,C1
0.104903,1.477714,C1
0.501733,0.357666,C2
0.628118,1.668492,C1
1.930903,1.936518,C3
1.178343,0.669339,C2
0.247892,0.172239,C1
0.484383,0.703137,C2
0.913814,0.949390,C3
0.918321,0.788275,C3
1.579779,0.127972,C2
1.253359,1.741305,C2
0.540248,1.105409,C2
1.723956,0.833174,C1
1.981396,1.094399,C3
0.874186,0.024894,C3
0.394193,1.340326,C1
1.338399,0.819792,C2
0.211324,0.894506,C3
1.919012,0.943358,C4
1.979054,0.014623,C4
0.109429,1.298020,C1
1.189589,1.781263,C2
0.555804,1.938979,C1
0.276439,1.099586,C4
0.859565,1.178613,C4
0.214717,0.897679,C3
0.593321,0.350742,C2
1.670317,0.038297,C4
0.435973,0.252408,C1
0.706303,0.228189,C2
1.928550,1.829621,C3
0.681836,0.039368,C3
0.510508,1.284881,C2
0.168411,1.049187,C4
1.216917,0.458089,C1
0.460118,0.061225,C1
1.700178,1.068811,C3
1.569104,0.386516,C2
1.085595,0.206658,C4
0.474361,0.244761,C1
1.578365,0.317906,C2
1.831430,1.487732,C2
0.710208,1.860279,C1
1.352538,1.052158,C3
1.647100,0.784171,C1
1.631171,0.816947,C1
1.075256,0.047391,C4
1.312015,0.869706,C2
0.840712,0.481851,C2
1.196659,0.580067,C2
0.738571,1.504453,C1
1.127404,1.332421,C1
1.631164,0.400747,C2
1.305989,0.288244,C1
0.420103,0.208757,C1
1.080961,0.128270,C4
1.305376,0.591731,C2
1.176930,1.367340,C1
1.235370,1.512341,C2
1.840833,1.539840,C1
1.484875,0.007262,C4
1.444845,1.321232,C1
1.893871,1.909813,C3
1.712485,1.481226,C2
1.458049,0.979723,C4
0.923941,0.456758,C2
0.682773,1.572898,C1
1.208595,0.287986,C1
1.395347,1.720379,C2
0.347151,0.678120,C2
0.556194,1.284526,C2
0.382759,1.017953,C4
0.017723,0.721791,C3
0.779971,0.358564,C2
0.150388,1.905259,C4
0.872288,1.520725,C1
1.788638,1.446473,C2
0.903562,1.797132,C4
0.045144,1.004888,C4
1.095429,1.033645,C3
1.199935,0.184622,C1
1.862416,0.268322,C2
0.091715,1.792001,C4
1.548323,0.562084,C1
0.221902,0.463728,C1
0.871925,0.172448,C3
0.127585,1.974332,C4
1.646999,0.801833,C1
1.487824,1.892873,C2
1.281134,0.294520,C1
0.898399,0.682719,C1
0.059727,1.861431,C4
0.283354,1.824539,C2
1.286025,0.679465,C2
0.507340,0.091465,C2
0.975043,1.542219,C4
0.910999,0.716732,C3
1.988606,0.131480,C4
0.212308,0.867920,C3
1.250750,1.433964,C1
1.500044,0.578233,C1
1.997154,1.845361,C3
1.891169,1.084114,C3
1.889220,0.583824,C1
1.832222,0.379795,C2
0.262902,1.177585,C1
1.995420,0.723219,C4
1.784294,0.996515,C4
1.253445,0.814095,C2
1.348486,0.064983,C4
1.312562,0.413687,C1
0.185107,1.723446,C2
0.241905,1.287248,C1
1.823471,1.098813,C3
0.357512,1.523854,C2
0.822146,0.798667,C1
1.702858,0.524710,C1
0.982267,0.762031,C3
0.713343,1.249837,C2
1.140841,0.779431,C4
0.560413,0.674366,C1
1.579735,1.837592,C1
1.141682,0.829517,C4
0.588029,0.149179,C2
0.716619,1.289624,C2
0.779820,1.495575,C2
1.783083,1.515451,C1
0.396571,1.340764,C1
0.948186,0.075328,C3
0.012496,0.066962,C3
0.267662,1.439488,C1
1.813464,0.637730,C1
1.811130,1.779302,C1
0.934357,0.011866,C3
0.056335,1.001941,C4
0.216733,1.711456,C2
0.123671,1.112334,C4
1.188156,1.090044,C3
1.832957,0.918090,C4
1.066445,1.051970,C3
0.097693,0.079415,C3
0.156607,0.241472,C1
1.267672,1.554857,C2
0.135126,0.050261,C3
0.689067,0.605048,C1
1.405757,1.184836,C1
0.971795,0.690451,C3
0.962923,0.989886,C3
1.237167,1.835431,C2
1.013258,1.241717,C3
0.964539,1.329801,C4
0.982804,0.705696,C3
1.963881,0.000341,C4
1.476822,1.394307,C1
0.471884,1.708583,C2
0.261110,0.167483,C1
0.402426,1.217515,C1
1.398206,0.084445,C1
0.377923,0.118664,C1
1.298785,0.746374,C2
1.326297,0.122355,C1
1.638012,1.761813,C1
0.148984,1.687768,C2
0.838584,0.421770,C2
0.248636,1.705754,C2
1.136625,1.689080,C2
1.550833,0.746172,C1
1.123568,1.686653,C2
1.062361,0.242875,C4
0.096604,1.011820,C4
1.979296,0.913262,C4
0.552220,1.409067,C2
0.891344,1.695679,C1
0.721837,0.601013,C1
0.724585,1.536741,C1
0.175463,1.407593,C1
1.722973,0.472018,C2
0.208768,0.675943,C2
1.989658,1.617311,C3
0.980924,0.998619,C3
0.892382,1.924114,C4
1.185011,1.715297,C2
0.982914,0.851649,C3
1.409733,1.273231,C1
0.988695,0.469227,C3
1.290667,0.664295,C2
1.905553,1.926472,C3
1.051182,1.361525,C3
0.253572,1.715326,C2
0.097656,0.945646,C3
1.153886,0.696520,C2
0.960552,1.442163,C4
1.042372,1.474584,C3
0.062365,1.282151,C4
1.556936,1.379257,C2
1.545422,1.754978,C1
0.418262,1.047495,C4
0.706945,0.838763,C1
1.969626,0.399116,C4
1.465771,1.374443,C1
1.449562,0.660437,C2
1.724548,0.691921,C1
1.041867,1.014084,C3
1.493189,1.001819,C3
0.280657,1.439493,C1
1.203835,0.133964,C4
0.483864,1.357450,C1
1.774501,0.533791,C1
0.546779,0.803331,C1
1.668055,0.820441,C1
1.647956,1.027537,C3
1.445131,0.665403,C2
1.202973,0.657974,C2
1.124012,0.268127,C1
1.747284,1.858202,C1
0.037502,0.285114,C3
0.337557,0.276256,C1
0.816231,0.711567,C1
0.531628,1.002950,C4
0.629799,1.919774,C1
0.040400,0.244784,C3
1.881640,1.825945,C3
0.740695,0.965452,C3
1.180393,1.987343,C3
1.896312,0.361216,C2
1.600076,0.324097,C2
0.155196,1.709289,C2
0.993258,1.115161,C4
1.173877,0.864673,C4
0.435928,1.935495,C2
1.566006,0.479730,C2
1.759668,0.281580,C2
0.280028,0.882092,C2
1.566227,1.774986,C1
1.481739,1.470359,C1
1.121513,1.038777,C3
0.550682,0.473329,C2
1.090507,1.609123,C2
0.895021,1.967368,C4
1.201525,0.574554,C2
1.947751,1.157836,C3
1.617732,1.027890,C3
1.927809,0.104314,C4
1.045743,0.870938,C4
0.732832,0.305715,C2
0.425620,0.029634,C3
0.676040,1.860174,C1
0.423513,1.717397,C2
1.687897,1.275965,C2
1.887654,1.027015,C3
1.073935,1.433488,C1
0.930354,1.836486,C4
1.953295,1.684731,C3
0.363124,0.781798,C2
1.098276,1.625416,C2
0.838984,0.879725,C3
0.053370,0.686375,C3
0.245474,1.276278,C1
1.132950,1.364528,C1
0.643836,1.551536,C1
0.180018,0.650174,C2
0.364304,1.029173,C4
0.814089,0.006113,C3
0.744362,1.619039,C1
0.304494,1.115462,C1
0.436313,0.863783,C2
1.176120,0.538853,C2
1.212443,0.065527,C4
1.187766,1.408023,C1
1.760505,0.636232,C1
1.419019,0.331646,C1
0.089225,0.145430,C3
1.859759,0.800560,C4
0.852971,1.931608,C4
0.117100,0.553412,C2
1.156676,0.598584,C2
1.637768,1.600030,C1
1.216564,0.235809,C1
1.189646,1.898678,C3
0.629196,0.781605,C1
1.254379,1.044688,C3
0.940766,0.590909,C3
1.453688,0.751766,C2
0.710581,1.974202,C4
0.165188,0.393622,C1
0.327071,1.241856,C1
1.079255,0.422388,C1
0.461651,1.618218,C2
1.606657,0.091613,C2
0.235197,0.282324,C1
0.767399,0.585471,C1
0.923867,1.747232,C4
1.474393,0.392122,C1
0.345428,0.807510,C2
1.971315,0.558013,C4
1.944235,1.364519,C3
1.592175,1.321221,C2
1.032414,0.581709,C4
0.980854,0.545786,C3
0.646823,1.027189,C4
0.442047,0.365277,C1
1.045729,0.728474,C4
0.190770,1.492709,C1
1.996191,0.394315,C4
0.925779,0.765205,C3
1.692503,0.451166,C2
0.372973,0.665682,C2
0.398059,1.996863,C4
1.228011,1.800101,C2
0.717448,1.291714,C2
0.273143,0.607720,C2
1.782510,0.987237,C4
1.351395,0.943064,C4
1.575578,0.935398,C1
0.351986,1.592173,C2
0.115057,1.126249,C4
0.394052,0.272028,C1
0.292944,1.069462,C4
1.991455,0.210863,C4
0.780877,1.765329,C1
0.139642,0.018410,C3
0.610696,0.303373,C2
1.986258,1.228950,C3
1.787526,1.081789,C3
1.030376,0.636382,C4
0.607776,1.658537,C1
0.640949,0.339321,C2
0.231446,1.324945,C1
1.093269,1.275596,C3
0.497572,0.635293,C2
0.292924,1.949339,C4
1.973584,0.330923,C4
0.889960,1.040155,C4
1.793826,0.364976,C2
1.581637,0.632750,C1
0.969420,0.063953,C3
0.060396,1.916653,C4
0.541119,0.854889,C1
1.284335,1.379559,C1
1.198740,1.441958,C1
1.530707,0.754099,C1
1.805245,1.833975,C3
0.038649,0.276702,C3
0.640441,1.204265,C2
1.955573,0.178532,C4
1.118787,1.207014,C3
0.772319,1.752304,C1
1.237696,1.079242,C3
1.465406,0.825133,C2
1.077200,1.625150,C2
1.160403,1.016359,C3
1.298795,0.009666,C4
0.288649,1.770670,C2
1.780728,0.180564,C2
1.930253,0.830628,C4
1.278956,0.693657,C2
0.319512,0.549058,C2
0.317445,0.733104,C2
1.334584,0.240575,C1
0.388436,0.198961,C1
0.201455,0.632866,C2
0.982763,0.876692,C3
0.612951,1.402149,C2
1.972252,0.908423,C4
0.996731,0.763586,C3
0.430691,0.053306,C3
1.761933,1.136233,C3
0.106811,0.554438,C2
0.012299,1.013459,C4
0.452169,1.822358,C2
1.434358,0.343561,C1
0.358782,0.600213,C2
0.852422,0.961686,C3
1.575801,1.793287,C1
1.287853,0.912922,C4
0.151504,0.725636,C2
0.268269,1.867833,C2
1.186273,1.229168,C1
1.603063,0.255465,C2
0.684257,1.675580,C1
0.874811,1.225236,C4
0.355795,0.829149,C2
1.491825,0.097913,C1
0.849694,1.228433,C2
1.305358,0.577228,C2
0.083861,1.697544,C4
1.515622,0.667503,C1
0.094764,0.542698,C2
1.874015,1.978991,C3
0.140655,1.007376,C4
1.034636,1.901458,C3
1.670420,0.639440,C1
0.316394,0.987859,C3
0.209398,0.366195,C1
1.107690,1.813812,C3
0.215441,1.278419,C1
0.678882,0.564863,C1
1.522963,1.391975,C2
0.263422,0.652395,C2
0.119665,0.985712,C3
0.926784,0.770356,C3
1.690065,1.506909,C1
0.962973,1.978789,C4
1.611961,1.490633,C2
1.341643,1.636511,C2
1.906336,1.456913,C2
1.074523,0.304074,C4
0.018244,0.329770,C3
0.278071,1.099512,C4
0.245604,0.564648,C2
1.179983,1.413167,C1
0.134836,1.875949,C4
0.350373,0.374250,C1
1.226679,0.223876,C1
1.034146,0.010583,C4
0.162515,1.549935,C2
0.619306,1.654341,C1
0.350973,0.642963,C2
0.996618,1.820404,C4
0.146524,0.472686,C1
0.849266,1.520266,C1
0.806248,0.345337,C2
0.756846,1.773298,C1
0.367894,0.315975,C1
0.406226,1.938457,C4
0.031822,0.434719,C3
0.172540,0.413382,C1
1.631357,0.609178,C1
0.866729,1.234144,C4
0.340532,0.132937,C1
1.541818,1.157740,C2
1.895187,1.260065,C3
1.908254,1.920755,C3
0.292776,0.598134,C2
1.129376,1.541427,C2
0.188273,1.547383,C2
0.551274,0.768713,C1
0.017940,0.531182,C3
0.267001,0.080745,C3
1.259731,1.343059,C1
0.323300,0.996412,C3
0.178528,1.578126,C2
0.848731,0.887631,C3
0.906373,0.821821,C3
1.415242,0.966202,C4
0.772303,0.036445,C3
0.540992,0.667946,C1
0.423352,1.416072,C1
1.400387,0.268196,C1
0.467751,1.872977,C2
1.528005,1.236493,C2
1.123276,1.273805,C1
0.586318,0.574702,C1
1.668189,0.561287,C1
1.112781,1.181570,C3
0.369131,0.977383,C3
0.570076,1.148094,C2
0.999816,1.746311,C4
0.994031,0.811870,C3
1.066296,1.781001,C3
1.066879,1.384950,C3
1.419033,1.244088,C1
0.539283,1.018545,C4
1.058987,1.124636,C3
0.582719,1.279243,C2
0.634331,1.384377,C2
1.874526,1.185241,C3
1.376427,0.682292,C2
1.001138,1.187422,C3
1.038075,1.203991,C3
1.110702,1.778921,C3
0.774066,0.702370,C1
0.654508,0.778180,C1
0.843482,0.498650,C2
0.527345,1.754285,C1
0.515148,0.897954,C1
0.950111,1.549733,C4
0.622112,0.241160,C2
1.033691,1.404602,C3
1.837953,0.644848,C1
0.121350,1.797406,C4
1.937191,0.373747,C4
0.727559,1.791768,C1
1.054025,1.745150,C3
0.174391,1.414360,C1
1.268063,0.482344,C1
1.872333,0.388393,C2
1.722683,1.514206,C1
1.600548,0.408255,C2
0.921095,1.360649,C2
1.112336,1.064746,C3
1.847146,0.448729,C2
0.924737,1.516668,C1
1.122348,1.971765,C3
0.246932,1.053356,C4
0.537576,1.233914,C2
0.660294,1.804083,C1
1.987320,0.815239,C4
1.383644,0.024082,C4
1.086350,0.347348,C1
1.740477,0.623254,C1
0.563077,1.207305,C2
0.790620,0.902481,C3
1.900878,0.017545,C4
0.996976,1.823766,C4
0.638083,0.482151,C2
0.268754,0.564264,C2
1.239279,0.794894,C2
0.755718,0.590599,C1
1.515050,1.622018,C1
1.363768,1.038670,C3
0.194220,1.492860,C1
0.120303,1.795510,C4
0.442101,0.323938,C1
0.238571,0.353556,C1
0.870242,1.757228,C4
0.013373,1.244041,C4
1.897579,1.010945,C3
1.526219,0.655032,C1
1.199880,1.021209,C3
0.546228,1.700976,C1
1.423807,1.795540,C2
1.983763,1.734439,C3
0.343885,0.104236,C1
1.787000,0.077048,C4
0.205106,0.903249,C3
1.267329,0.595489,C2
1.120869,0.212234,C4
1.497701,0.659716,C2
1.085390,1.564075,C2
1.648712,0.194381,C2
0.411681,0.597200,C2
1.910453,1.770816,C3
1.220651,0.879654,C4
0.993821,0.985700,C3
0.983823,0.633897,C3
0.113221,1.733918,C4
1.061638,0.673939,C4
1.823272,1.406914,C2
0.681229,0.571470,C1
1.115345,0.534170,C2
1.862058,0.835207,C4
1.775449,1.934290,C3
1.424706,1.717809,C2
1.163207,0.053474,C4
0.407595,0.157220,C1
1.292344,1.843020,C2
0.968364,1.314455,C4
1.376323,0.263783,C1
0.161067,0.187342,C3
0.848482,0.304397,C2
0.857330,1.859881,C4
0.274184,1.261346,C1
0.519037,0.089421,C2
0.543259,1.952833,C4
0.532082,1.138934,C2
0.264158,1.524705,C2
0.375184,1.029263,C4
1.376988,1.555533,C2
0.024687,1.716283,C4
1.660769,1.279258,C2
0.685751,1.090495,C4
0.030978,0.917656,C3
0.192280,1.151660,C4
0.306646,0.351206,C1
1.232377,0.228639,C1
1.471948,1.655749,C2
1.933087,0.694714,C4
1.365486,0.393690,C1
1.277633,1.271203,C1
0.201102,1.972287,C4
0.330299,0.717298,C2
0.357317,1.867931,C2
0.308573,1.471610,C1
1.468163,0.064121,C1
0.169120,1.640989,C2
1.006383,0.662192,C4
1.563599,1.624769,C1
0.270691,1.297654,C1
1.772293,1.617663,C1
1.971968,1.731365,C3
1.537979,0.252105,C2
0.458988,0.783546,C2
0.599421,0.720933,C1
1.032464,1.640006,C3
1.163303,0.863859,C4
0.766906,1.483773,C2
0.555397,1.906268,C1
1.792997,0.391617,C2
0.856205,0.806472,C3
1.088874,0.483846,C1
1.453249,1.497593,C1
0.486932,1.427004,C1
0.131669,0.702866,C2
0.823451,0.563006,C1
1.576718,0.458198,C2
0.941554,1.174509,C4
0.976205,1.993426,C4
1.603719,0.695195,C1
0.787882,0.203759,C2
0.278250,0.034934,C3
0.676243,0.585513,C1
1.234834,1.613642,C2
0.125133,1.215283,C4
0.417504,1.183979,C1
0.297029,1.119301,C1
0.159036,1.071846,C4
0.336823,1.209798,C1
0.959006,0.074983,C3
1.507349,0.857764,C1
0.268443,1.933787,C4
0.295899,0.126589,C1
1.507205,0.024805,C4
0.945391,0.708622,C3
0.385932,0.726178,C2
0.740817,1.686802,C1
0.012599,1.765648,C4
1.821057,1.386051,C2
1.234428,0.785559,C2
1.288081,1.784223,C2
0.199096,1.345628,C1
0.950040,1.219984,C4
1.214901,0.633056,C2
1.161682,0.465047,C1
1.647733,1.260925,C2
1.914972,0.620805,C1
0.813401,0.709611,C1
0.584786,0.754448,C1
0.607096,0.202298,C2
1.548959,0.707248,C1
1.957426,0.104499,C4
0.278951,0.087765,C3
0.100721,1.298807,C1
1.436825,0.105317,C1
1.141946,1.409949,C1
1.016213,0.604112,C4
0.401818,1.241528,C1
0.629359,0.426045,C2
1.645395,0.334665,C2
1.669329,1.060229,C3
1.445608,1.170093,C1
0.265888,1.429891,C1
0.655938,1.209079,C2
0.705515,1.622385,C1
1.249597,0.704859,C2
1.300497,1.385598,C1
1.628331,0.015142,C4
0.568962,1.294147,C2
0.912102,1.007514,C4
1.027188,0.631323,C4
0.691683,1.073453,C4
0.897474,0.237818,C3
1.259327,1.252945,C1
0.599307,0.845849,C1
0.428435,0.020562,C3
1.018514,1.747376,C3
0.711319,1.395167,C2
0.238546,1.037690,C4
0.844865,0.209237,C3
0.669987,1.130705,C2
0.437108,0.610140,C2
1.328834,1.759907,C2
1.853438,0.164519,C4
0.391063,1.258943,C1
1.369339,1.298265,C1
1.090422,1.558446,C2
0.087304,0.228383,C3
1.528364,1.040761,C3
0.148718,1.029404,C4
0.029490,0.161802,C3
1.367267,1.025799,C3
0.302806,1.579375,C2
1.568578,1.313197,C2
0.858571,1.419839,C2
0.641530,0.885025,C1
0.882442,1.270114,C2
1.589880,0.577524,C1
0.083118,1.499556,C1
1.718527,1.844929,C1
0.906577,1.596351,C1
1.496965,1.237902,C1
1.949518,0.345633,C4
1.613168,0.382172,C2
1.406510,1.881609,C2
0.264357,1.240639,C1
0.949870,0.913559,C3
0.826790,1.491035,C2
1.568177,1.755660,C1
0.704945,0.962556,C3
1.578839,1.183148,C2
1.381138,1.248732,C1
1.282042,0.592423,C2
1.469848,0.850085,C2
0.537896,0.460272,C2
0.926697,1.499008,C2
0.925518,1.677474,C4
1.470277,1.680568,C2
1.082260,1.974608,C3
1.745661,0.786829,C1
0.323251,1.362990,C1
1.791704,1.828549,C1
1.705848,0.281223,C2
1.969881,0.176992,C4
1.330576,1.967927,C3
0.670660,0.419894,C2
1.859561,0.473803,C2
0.834085,1.089450,C4
0.985446,1.681248,C4
1.604456,1.756535,C1
1.898193,0.717335,C4
0.284690,0.784179,C2
0.674163,1.226021,C2
1.164163,0.894658,C4
0.951303,0.108067,C3
1.764519,1.628392,C1
1.256211,1.542188,C2
1.581147,0.759147,C1
0.913341,0.368550,C2
1.493731,0.778913,C2
0.593507,1.245827,C2
1.677470,1.677091,C1
1.248356,0.385566,C1
0.067281,1.412526,C1
0.429388,1.122718,C1
0.210489,0.713179,C2
1.804586,1.098778,C3
0.689223,1.137113,C2
0.062640,1.414014,C1
0.201936,0.689776,C2
1.334250,0.747892,C2
0.864159,1.716379,C1
0.761880,0.151848,C2
1.321823,1.274518,C1
1.913857,0.986151,C4
0.866165,0.741006,C1
1.365611,1.302676,C1
1.897457,1.018211,C3
1.960332,0.867982,C4
0.805482,0.379016,C2
0.013259,1.976173,C4
0.617897,1.725867,C1
1.038285,0.218592,C4
0.613313,0.838174,C1
1.452498,0.457487,C1
0.504153,1.043682,C4
0.153734,0.393342,C1
1.765007,0.673246,C1
1.868191,1.320681,C2
0.215452,1.644768,C2
1.729579,0.934698,C4
0.061974,0.570907,C2
1.678241,0.381154,C2
0.261864,1.896451,C4
1.958162,1.134581,C3
1.292616,1.745135,C2
1.241678,0.744869,C2
0.193625,1.391951,C1
0.726213,0.009929,C3
0.092608,0.575878,C2
0.924287,1.712193,C4
1.337452,1.229252,C1
0.807490,0.699267,C1
0.824826,1.623833,C1
1.467099,0.794167,C2
0.150162,1.419981,C1
0.518436,1.788122,C1
1.799245,1.654125,C1
1.103041,1.599011,C2
1.759926,0.311101,C2
0.532166,0.571081,C1
0.653113,1.801715,C1
0.367078,0.846683,C2
1.765443,1.402233,C2
0.046080,1.758303,C4
1.211714,1.511344,C2
0.045138,0.269303,C3
0.863372,1.441425,C2
1.998438,1.634303,C3
0.650044,0.384826,C2
0.207156,1.655254,C2
1.374320,0.182168,C1
1.529189,0.176822,C2
0.275685,0.568499,C2
0.769523,1.794766,C1
1.237698,0.684491,C2
0.380383,0.143590,C1
1.753229,0.813654,C1
0.532278,0.584813,C1
1.545770,1.542923,C1
0.431463,0.634796,C2
1.090523,1.842744,C3
0.136341,0.051114,C3
0.187190,0.924160,C3
0.064759,1.139081,C4
1.207080,1.154201,C3
0.886094,0.545067,C1
0.670356,0.797222,C1
1.556503,0.570864,C1
0.404952,1.898652,C2
1.882646,0.873418,C4
1.696882,0.238945,C2
0.188656,0.306810,C1
0.562380,0.959372,C3
0.413067,1.618485,C2
1.555505,1.197588,C2
0.276884,0.729259,C2
1.370538,1.869763,C2
1.040919,1.406748,C3
1.906740,0.597388,C1
1.809974,1.284427,C2
1.433676,0.700682,C2
1.343400,0.383606,C1
0.028594,1.166874,C4
1.896026,0.563186,C1
1.552980,1.550441,C1
0.740396,1.652138,C1
1.093654,1.873740,C3
1.710704,1.412241,C2
0.014467,0.770264,C3
1.360774,1.933652,C3
0.547854,1.349106,C2
0.142889,0.583517,C2
0.201210,1.558045,C2
0.391213,1.207855,C1
1.161247,0.183966,C4
1.833023,0.929565,C4
1.350223,1.053197,C3
1.852895,1.590454,C1
1.821081,0.480640,C2
1.799471,0.652799,C1
1.774312,0.565412,C1
0.251361,0.205983,C1
1.637495,1.542051,C1
1.348204,0.616382,C2
0.369202,0.070148,C3
1.044855,1.313698,C3
1.432160,1.081623,C1
0.461125,1.224570,C1
0.726254,0.603651,C1
1.376454,1.444321,C1
1.180156,1.836627,C3
0.358339,0.880320,C2
0.671089,0.690323,C1
1.015310,1.805474,C3
0.475411,1.967779,C4
0.429689,0.527993,C2
0.548424,1.435254,C2
1.952310,0.713593,C4
1.590017,0.127908,C2
0.230868,1.288938,C1
0.073441,1.414727,C1
1.595464,1.310145,C2
1.197729,0.582499,C2
1.739419,0.697797,C1
0.069988,0.997511,C3
1.010344,0.319966,C4
1.331954,0.264937,C1
1.565931,1.547325,C1
1.915948,0.229746,C4
0.150870,0.109520,C3
0.648558,0.149246,C2
1.315751,1.849538,C2
0.016055,0.916249,C3
0.525773,0.802893,C1
1.563793,1.823151,C1
0.796521,0.921017,C3
1.122507,0.031034,C4
0.246037,1.713350,C2
1.337658,0.644270,C2
1.266856,1.100162,C3
0.823656,0.089875,C3
0.898634,1.848249,C4
1.673003,1.362247,C2
0.421460,1.104218,C1
0.021107,0.617713,C3
0.191864,1.745131,C2
1.900700,0.589641,C1
1.308024,1.533889,C2
0.715534,1.343730,C2
0.817616,1.396801,C2
1.321182,1.004379,C3
1.871180,1.533340,C1
0.921524,0.256890,C3
0.475865,1.523214,C2
0.772664,0.666591,C1
0.318854,0.113410,C1
1.031753,0.154768,C4
0.506702,1.947971,C4
1.996369,1.332644,C3
0.006318,0.145850,C3
0.450834,1.818482,C2
1.075229,1.337242,C3
1.869052,0.149168,C4
0.033251,1.536388,C4
1.819110,0.446530,C2
1.354623,1.058928,C3
1.073160,1.609906,C2
0.249129,0.584438,C2
0.646738,0.480355,C2
1.652675,0.419882,C2
1.274914,1.158200,C1
1.862248,1.037279,C3
0.678363,0.454444,C2
0.927130,1.038979,C4
1.380645,0.317907,C1
1.347703,0.846487,C2
1.808690,0.003777,C4
1.635128,0.613883,C1
1.941687,1.735581,C3
1.849627,1.134465,C3
1.869277,1.661434,C1
0.362070,0.839283,C2
1.278147,1.016714,C3
0.773002,0.378861,C2
0.106852,0.579181,C2
1.175208,0.734444,C2
1.391848,0.738861,C2
0.760364,1.322696,C2
0.673475,1.803837,C1
1.147283,1.137868,C3
0.238784,0.524458,C2
1.748703,0.618010,C1
0.948850,1.242243,C4
1.995525,0.626885,C4
1.431372,1.556146,C2
0.301878,1.710846,C2
0.015105,0.947639,C3
0.281306,1.619972,C2
0.940835,0.417404,C3
0.913858,1.975375,C4
1.104349,1.860268,C3
1.115795,1.919644,C3
0.870013,1.641323,C1
0.478098,1.604983,C2
0.339320,1.635016,C2
0.816889,1.453685,C2
0.866926,0.850317,C3
1.618367,0.268122,C2
0.587437,1.688896,C1
0.462763,0.472577,C1
0.249390,0.869585,C2
1.076339,0.036751,C4
1.748568,0.101199,C4
0.787330,1.960908,C4
0.411018,1.697152,C2
1.851258,1.595171,C1
1.296824,1.499113,C1
1.362939,1.520577,C2
1.578888,1.713274,C1
0.286993,1.237062,C1
1.396697,1.561636,C2
1.515613,0.483629,C2
0.493223,0.012052,C3
1.801788,0.658551,C1
1.413849,0.274579,C1
0.918147,0.512498,C1
0.079372,0.238037,C3
1.456032,0.055102,C1
1.140870,0.569483,C2
0.306369,0.445506,C1
0.682416,0.810659,C1
0.053348,1.530062,C4
0.558308,1.479266,C2
1.263889,0.645399,C2
0.934711,0.919290,C3
0.970321,0.322653,C3
0.451297,1.443394,C1
0.520639,0.608760,C1
0.826672,0.171737,C3
1.410183,1.863249,C2
0.702085,1.895411,C1
0.710518,0.094093,C3
0.051121,0.279003,C3
0.275747,1.163722,C1
1.578775,1.765628,C1
0.033458,0.526392,C3
1.191508,1.659108,C2
1.356931,1.550692,C2
1.840601,0.031781,C4
1.767222,1.936021,C3
1.824311,0.342789,C2
1.028157,0.249484,C4
1.980039,1.950477,C3
1.074245,1.189698,C3
0.105940,1.063900,C4
0.150963,0.826602,C3
1.422075,1.102246,C1
1.048830,1.771419,C3
0.914447,0.917308,C3
0.377115,0.998540,C3
1.000934,1.882990,C3
0.450014,1.871107,C2
0.116355,0.467112,C1
1.547549,0.814736,C1
0.534596,1.574671,C1
0.065417,0.038820,C3
1.028931,1.687988,C3
1.382459,0.722486,C2
1.817390,1.628023,C1
1.151384,0.162326,C4
1.648192,0.622481,C1
1.157821,1.521624,C2
1.851007,0.290119,C2
1.894733,0.025848,C4
1.712987,1.137049,C2
1.563688,0.716793,C1
1.634215,1.209598,C2
0.341418,0.207803,C1
1.175435,0.659673,C2
1.439561,0.275104,C1
0.331608,1.152362,C1
0.737436,0.575340,C1
0.148061,1.281851,C1
0.582145,1.297003,C2
1.141698,0.460568,C1
0.727260,0.133495,C2
0.897921,0.107780,C3
0.320800,1.608170,C2
1.684658,0.387708,C2
1.355146,0.486770,C1
0.958038,1.233546,C4
0.056021,0.780233,C3
0.230027,1.942606,C4
0.314594,1.670954,C2
0.926463,0.239130,C3
0.456221,1.588142,C2
1.584704,1.375142,C2
1.391302,1.612993,C2
1.023264,0.576045,C4
0.508172,1.411994,C2
0.961518,1.936499,C4
1.544908,0.976725,C4
0.975775,1.733414,C4
0.116382,1.591132,C2
0.648716,0.046777,C3
1.574839,1.652295,C1
0.302387,1.565301,C2
0.446744,1.238324,C1
0.800655,0.502751,C1
0.815580,1.647054,C1
0.565225,1.662116,C1
0.709752,0.521839,C1
0.170030,1.858617,C4
0.806675,1.635763,C1
1.662004,1.148895,C2
0.578614,0.923231,C1
1.101943,1.612511,C2
1.382769,0.927911,C2
0.727384,0.793269,C1
1.937556,0.478644,C2
1.610115,1.331637,C2
1.129009,1.109959,C3
0.714131,1.805947,C1
0.155644,0.511450,C2
1.855579,0.348800,C2
0.647117,0.120324,C2
0.224404,0.216508,C1
1.581432,0.864027,C1
0.848139,1.163167,C4
1.577434,0.014913,C4
0.661473,0.207330,C2
0.453743,1.136509,C1
1.690927,0.178059,C2
0.822272,0.181024,C3
1.272191,0.288452,C1
0.923904,1.940288,C4
0.188360,1.908597,C4
1.915859,0.257424,C4
1.150516,0.696202,C2
0.384744,0.674115,C2
0.137812,1.292006,C1
1.986216,1.518410,C3
1.772409,0.898383,C4
0.801664,0.830586,C3
1.125319,1.233392,C3
1.254250,1.979680,C3
0.132423,0.588845,C2
1.241099,0.340844,C1
1.145620,1.019807,C3
0.515409,0.983814,C3
1.052278,0.054247,C4
1.291673,0.965292,C4
0.866854,1.735415,C1
0.549175,1.523182,C1
1.731754,0.295823,C2
1.573376,1.238149,C2
0.860220,1.310560,C2
1.901744,1.058091,C3
0.112201,1.788967,C4
0.030061,1.973646,C4
1.614920,0.337570,C2
1.987169,0.087986,C4
1.122988,1.263448,C1
1.200577,1.841679,C3
0.658688,0.286087,C2
0.952315,0.233513,C3
1.381193,0.387065,C1
0.163858,1.020737,C4
1.604227,0.250752,C2
0.250906,0.087259,C3
1.414861,0.735559,C2
1.353265,1.435910,C1
0.441854,0.864047,C2
0.371999,1.590980,C2
0.980125,1.931595,C4
0.935519,0.589789,C1
0.898685,0.507111,C1
0.668187,0.197139,C2
1.542519,0.335616,C2
1.949502,0.494087,C4
1.184650,1.451349,C1
0.728847,0.572541,C1
0.492783,0.171397,C1
1.900276,1.709760,C3
0.945666,0.063629,C3
1.243740,0.101918,C4
0.167479,1.469102,C1
1.003604,1.003484,C3
1.744279,1.707895,C1
0.802289,0.949229,C3
1.244734,1.708655,C2
1.776296,1.628256,C1
0.888076,1.476007,C2
1.573830,1.934532,C1
0.585407,0.546245,C1
1.167704,1.735971,C2
0.926197,0.380614,C2
1.314157,1.984206,C3
0.090015,1.506771,C2
0.927650,0.929755,C3
1.634241,1.142872,C2
1.643684,1.412362,C2
1.641706,1.025043,C3
0.406131,1.463894,C1
1.807899,0.207831,C2
1.042509,1.791227,C3
1.705619,1.718551,C1
0.480095,1.099146,C1
0.685604,1.120287,C2
1.507729,1.668351,C1
1.654914,1.274609,C2
1.802600,1.121271,C3
1.320528,0.893928,C2
0.318278,1.888408,C2
0.393810,0.834702,C2
1.069678,1.530577,C2
0.722234,1.506575,C1
0.852640,0.777435,C3
0.347923,1.258824,C1
1.500212,1.910298,C1
0.088288,1.154334,C4
0.904721,1.947310,C4
0.392237,0.152647,C1
0.224135,0.981620,C3
0.946153,0.397467,C3
1.443202,1.978278,C3
1.787000,1.040307,C3
1.774271,0.353166,C2
1.525674,0.830815,C1
1.259694,1.737341,C2
1.691870,0.565644,C1
1.377121,0.472746,C1
0.182466,0.411545,C1
1.450986,1.590330,C2
1.328626,0.104691,C1
0.237913,1.289195,C1
1.192515,0.077085,C4
0.180728,1.265460,C1
0.362741,0.672227,C2
1.515234,0.632109,C1
0.738313,0.786011,C1
0.665832,1.626190,C1
1.574149,0.505218,C1
0.180541,1.817277,C4
1.406826,0.614729,C2
1.832925,0.111200,C4
0.387503,1.205947,C1
0.457873,0.485649,C1
0.019626,0.042759,C3
1.590152,0.099287,C2
0.332247,0.827645,C2
1.039082,1.183628,C3
0.115476,0.059427,C3
1.159659,0.957006,C4
0.002803,0.785443,C3
0.769885,0.692507,C1
0.905705,0.224773,C3
1.416041,0.026866,C4
1.589202,1.975457,C3
0.002052,1.614867,C4
1.022666,0.317509,C4
0.676100,0.313879,C2
1.548456,1.984807,C3
1.307046,0.225745,C1
1.881601,1.702817,C1
1.885199,0.128298,C4
0.486990,1.775400,C2
1.746428,1.096385,C3
1.976220,1.052808,C3
1.645540,1.442335,C2
1.824448,0.724274,C1
1.394335,1.498386,C1
1.928312,1.552459,C1
0.031671,0.218689,C3
1.309181,1.403324,C1
1.307345,1.096050,C3
0.611691,1.223832,C2
0.638539,0.468678,C2
1.955738,1.981220,C3
0.637041,0.934764,C3
1.170799,0.501393,C2
0.807396,0.297812,C2
1.474654,0.630333,C2
1.080594,0.233205,C4
0.254276,1.691245,C2
0.474878,0.696586,C2
1.764879,0.821473,C1
1.364663,1.987189,C3
0.283803,1.447078,C1
0.590564,0.334347,C2
0.539120,0.889259,C1
0.957939,0.892990,C3
1.078545,1.895664,C3
0.548329,0.114005,C2
1.652451,1.750936,C1
0.707635,1.597917,C1
1.655484,0.544691,C1
0.576799,1.745435,C1
1.204463,1.161437,C3
0.595241,1.785977,C1
1.525983,1.605768,C1
1.534234,1.095360,C2
0.985305,1.387523,C4
1.306857,1.106440,C1
1.308865,1.865392,C2
1.053136,1.571541,C3
1.335890,1.683797,C2
0.813405,1.453106,C2
0.980344,0.736715,C3
1.479901,1.299077,C1
1.992619,1.453410,C3
1.656048,0.602090,C1
0.581097,0.624897,C1
1.554829,0.346636,C2
1.986894,0.476273,C4
1.132123,1.715948,C2
0.700817,0.238878,C2
0.277806,0.760418,C2
0.169770,1.087591,C4
1.076895,1.721944,C3
0.560528,1.982372,C4
1.904958,0.663683,C1
0.432030,1.689517,C2
0.436448,0.072272,C1
0.013006,1.056891,C4
1.521612,0.179627,C2
0.190014,1.478757,C1
0.327032,1.894056,C2
0.281591,0.409630,C1
1.136852,1.435447,C1
1.207503,0.772928,C2
1.776165,0.036924,C4
0.757721,0.159002,C2
0.745002,1.405389,C2
0.323981,1.818479,C2
0.840819,1.025989,C4
1.677497,0.630650,C1
1.299332,0.850603,C2
0.159572,1.462997,C1
0.297984,0.428025,C1
0.997581,0.636749,C3
1.043319,1.113604,C3
0.366984,1.574706,C2
1.602942,1.638672,C1
0.290752,1.131399,C1
1.144753,1.025170,C3
0.500758,1.591962,C1
1.310543,0.598473,C2
0.981431,0.874939,C3
1.078023,0.681469,C4
0.074137,0.085578,C3
0.654817,1.445554,C2
0.741475,1.239974,C2
0.699872,1.349249,C2
1.873874,0.716771,C1
1.482218,0.612765,C2
0.366573,1.791947,C2
0.463959,1.256878,C1
1.103285,0.473550,C1
0.233816,1.377086,C1
1.953534,0.777054,C4
1.719517,1.529076,C1
1.423862,0.568366,C2
0.171758,1.369126,C1
1.698804,1.150321,C2
1.539438,1.023127,C3
1.465754,0.879824,C2
0.545299,0.050506,C3
1.138496,1.276659,C1
1.023079,1.324392,C3
1.877443,1.321274,C2
1.891720,1.666957,C1
1.150274,1.937702,C3
0.519128,1.658941,C1
1.484903,0.019102,C4
1.167456,1.684938,C2
1.537384,1.777237,C1
1.713808,1.981112,C3
1.630583,0.683512,C1
0.904722,1.219585,C4
1.515149,1.818059,C1
1.029763,0.993805,C4
0.262498,0.054644,C3
1.088975,0.461807,C1
0.920251,0.183041,C3
1.280923,0.359328,C1
1.843766,0.806804,C4
0.952508,0.612338,C3
0.463091,0.653236,C2
1.028658,0.858613,C4
1.652888,1.793646,C1
0.379502,0.330563,C1
1.843566,1.195839,C3
1.584543,0.756601,C1
1.545084,0.017109,C4
1.117827,1.205922,C3
1.050551,1.094804,C3
0.105041,1.131625,C4
0.745007,1.202918,C2
0.492934,1.259717,C1
0.665414,1.816928,C1
1.723416,1.426584,C2
1.741137,0.365466,C2
0.819121,1.985117,C4
1.489872,1.246236,C1
0.164194,0.979742,C3
1.852177,0.244891,C2
0.203510,0.933195,C3
0.318499,1.419453,C1
0.785475,0.792947,C1
1.535749,1.999151,C3
0.938029,0.352784,C3
1.176203,0.395391,C1
0.494415,0.295089,C1
1.009726,1.033924,C3
0.174723,0.891995,C3
1.840975,1.391057,C2
1.481194,0.358618,C1
1.256488,1.353135,C1
0.079701,1.869180,C4
1.972234,0.817304,C4
0.216776,0.326911,C1
1.980425,0.312926,C4
1.161036,0.121170,C4
1.665075,1.346824,C2
1.659768,1.310336,C2
1.589010,0.161876,C2
0.965925,1.936595,C4
1.750731,0.647301,C1
1.117712,0.508785,C2
0.767730,1.250297,C2
0.842422,1.082105,C4
1.663564,0.912546,C1
0.708095,1.818521,C1
1.719210,0.291401,C2
1.961068,0.429291,C4
1.194895,0.824411,C2
1.864411,0.481137,C2
1.636836,1.557170,C1
0.291706,1.190129,C1
0.953994,0.078302,C3
1.832577,0.032443,C4
1.483180,1.391717,C1
0.730828,0.268760,C2
0.856525,1.105107,C4
0.603018,0.309085,C2
1.643552,0.924979,C4
1.074726,0.737416,C4
0.460780,1.122344,C1
1.223734,1.770724,C2
0.524989,0.369526,C2
1.033800,0.944296,C4
1.471998,0.147347,C1
0.939657,1.895577,C4
0.670983,0.783326,C1
1.983302,0.261221,C4
1.235087,1.105300,C3
1.103624,1.907132,C3
1.462274,1.681254,C2
1.645851,1.978869,C3
0.536064,0.664933,C1
0.304257,0.589855,C2
1.974018,1.378173,C3
0.401020,0.357408,C1
1.532522,1.934689,C1
1.656084,0.451700,C2
0.059632,1.446396,C1
0.417312,1.340328,C1
0.133442,0.652180,C2
1.697198,1.991228,C3
0.231644,1.170336,C1
1.301832,0.939306,C4
1.648650,0.999743,C4
0.839777,0.327158,C2
1.409844,0.381167,C1
0.462980,1.797898,C2
1.028246,1.678902,C3
1.818768,0.948154,C4
0.107064,1.554298,C2
0.881459,0.941872,C3
1.512312,1.376555,C2
1.084055,1.840666,C3
1.122891,0.552474,C2
1.484932,0.224007,C1
0.011207,1.255703,C4
0.581424,1.752636,C1
0.315627,1.897332,C2
1.821616,1.471160,C2
0.036766,0.603522,C3
1.867631,0.850874,C4
0.522802,0.952192,C3
1.228154,0.841412,C2
1.504718,0.269592,C2
1.004884,0.529935,C4
0.200574,1.898937,C4
1.187045,1.399116,C1
1.228628,1.027112,C3
1.180068,1.630285,C2
0.852297,0.891756,C3
0.068979,1.415646,C1
0.425685,0.489893,C1
0.494007,0.823591,C2
1.816597,0.270589,C2
1.955360,0.403674,C4
0.054638,0.717945,C3
0.866080,1.422932,C2
1.485253,0.217070,C1
1.736343,1.392772,C2
1.306199,1.144488,C1
0.499510,1.375755,C1
0.521204,0.735796,C1
1.179706,0.454169,C1
1.066229,1.957175,C3
0.852638,1.697372,C1
1.146982,1.343719,C1
1.165845,0.982453,C4
0.672008,1.566358,C1
1.561480,1.102838,C2
1.073905,0.350480,C4
1.784232,0.742061,C1
0.781914,0.293197,C2
1.258901,1.094986,C3
1.142317,0.112504,C4
0.486627,0.186334,C1
1.678814,0.910438,C4
0.735704,0.266471,C2
0.243208,1.143655,C1
0.992372,1.056978,C4
0.827484,1.168658,C4
1.388948,1.073597,C1
1.591514,0.465278,C2
0.141066,0.771733,C3
0.006373,1.940795,C4
0.402815,0.839775,C2
0.921420,0.078429,C3
0.387945,0.608058,C2
0.834016,1.117785,C4
0.607329,1.246396,C2
1.673964,1.941109,C3
0.137273,0.190652,C3
0.010416,1.888102,C4
1.460247,1.068947,C1
0.747271,0.333317,C2
0.609059,1.290619,C2
0.093701,0.534025,C2
0.097429,1.416184,C1
0.879719,0.992738,C3
0.434409,0.444092,C1
0.132374,1.377440,C1
1.897003,1.230158,C3
0.236348,0.903862,C3
1.674834,0.398129,C2
0.973470,1.007995,C4
0.502637,1.304928,C2
0.268834,1.123367,C1
1.460813,0.891686,C2
0.566921,0.426405,C2
1.751232,1.581758,C1
1.419334,1.524569,C2
1.944938,1.779495,C3
1.086453,0.235747,C4
0.450339,0.978620,C3
0.738513,0.843746,C1
1.764942,0.006641,C4
0.187328,0.513526,C2
1.450629,1.511804,C2
1.988071,1.911160,C3
0.711930,0.441665,C2
1.221231,1.497346,C1
0.958712,0.967462,C3
1.298075,0.449581,C1
1.799123,1.075998,C3
1.728630,1.716997,C1
0.535633,0.880889,C1
1.949423,0.323129,C4
1.426421,1.597540,C2
0.028911,0.705755,C3
0.726339,1.081353,C4
0.351729,0.619247,C2
0.836117,0.846198,C3
0.228604,1.923727,C4
1.765451,0.560293,C1
1.786966,0.446617,C2
0.555044,1.159195,C2
0.468012,0.026041,C3
1.304634,0.920693,C4
0.989163,1.831825,C4
0.018500,0.113963,C3
1.726560,1.108696,C3
1.606887,1.165441,C2
1.130476,1.597600,C2
1.071237,0.676423,C4
1.007164,1.064888,C3
1.153074,1.082498,C3
1.283943,1.605435,C2
0.540847,1.262491,C2
1.219949,1.684622,C2
0.105982,0.984674,C3
0.933239,1.245387,C4
1.578841,1.720581,C1
0.585615,0.630421,C1
1.577254,0.061832,C2
0.599732,0.555899,C1
1.964741,1.742963,C3
0.878773,1.921949,C4
1.142474,0.103335,C4
0.157172,0.856427,C3
0.068506,0.713753,C3
0.331556,0.062351,C3
1.549746,1.848541,C1
0.904307,0.275704,C3
1.666583,0.501362,C1
1.517820,1.439139,C2
0.067062,1.723165,C4
1.965751,0.058440,C4
1.306918,1.203225,C1
1.038255,1.132420,C3
0.413774,1.219313,C1
0.091406,0.033283,C3
0.418223,0.350601,C1
0.326702,1.763282,C2
1.721490,1.677012,C1
0.424760,0.124845,C1
0.858824,0.581275,C1
1.398006,1.515168,C2
1.469699,1.725038,C2
0.310372,1.292607,C1
1.100395,1.287970,C3
1.857709,0.961015,C4
1.841439,1.138856,C3
0.710845,1.779515,C1
0.741886,0.250271,C2
1.993890,0.829012,C4
1.444322,1.373492,C1
0.303621,1.053089,C4
1.548975,1.757893,C1
1.271479,1.339754,C1
0.842231,1.529140,C1
1.827886,0.321835,C2
1.714335,0.233084,C2
0.049344,0.247632,C3
0.842993,1.007323,C4
0.751918,1.009803,C4
0.534045,0.859994,C1
0.840472,1.219244,C2
0.987349,0.615417,C3
0.831177,1.072074,C4
1.195445,1.228811,C1
1.935550,0.681672,C4
0.184534,0.377355,C1
1.627460,1.534013,C1
1.871765,0.502480,C1
0.710266,1.773409,C1
1.939766,0.808313,C4
1.559422,0.137076,C2
1.818814,1.113817,C3
0.436632,0.530760,C2
1.118980,0.911207,C4
0.554784,1.474015,C2
1.669070,0.500835,C1
0.918657,1.942532,C4
1.696091,0.652795,C1
0.874542,1.496254,C2
1.618462,0.888082,C1
1.772664,0.005826,C4
1.428126,0.177216,C1
1.179475,0.776291,C2
1.701169,1.621825,C1
1.672580,0.415730,C2
1.903519,0.514758,C1
1.409292,1.407901,C1
0.847740,1.066865,C4
1.380497,1.021747,C3
0.908888,1.043683,C4
0.544695,0.926979,C1
1.921859,1.572820,C1
0.882833,1.683753,C1
0.559606,1.462920,C2
1.822700,1.135818,C3
0.431051,1.517676,C2
1.452389,1.660300,C2
1.139479,0.533423,C2
0.475519,0.213649,C1
1.106656,0.936421,C4
1.956623,1.162091,C3
1.094844,0.346034,C1
1.563304,0.996245,C4
1.048380,1.742570,C3
1.232457,0.203419,C1
0.128395,1.373632,C1
1.971087,0.807400,C4
0.628730,0.050407,C3
0.847917,0.384396,C2
0.838057,0.065408,C3
1.140211,0.725112,C2
1.852648,0.605739,C1
1.070935,1.736780,C3
0.846213,1.241062,C2
1.604570,0.665260,C1
0.367662,1.832990,C2
1.365610,1.266212,C1
1.864605,0.042739,C4
0.901972,1.165602,C4
1.819862,0.506432,C1
1.236249,0.323683,C1
0.640207,0.702518,C1
0.930940,1.252905,C4
1.751008,1.553384,C1
1.739502,0.439024,C2
1.227404,1.883264,C3
1.323256,0.276018,C1
0.732094,0.997175,C3
0.484899,1.749260,C2
0.531767,0.850657,C1
1.902565,0.087692,C4
0.928672,0.547688,C1
1.444095,0.654612,C2
1.570754,1.234213,C2
1.799352,0.457977,C2
0.793257,0.847310,C3
1.389158,1.834983,C2
1.396639,1.635102,C2
1.292604,1.101995,C3
1.080104,0.880077,C4
1.280188,0.259724,C1
1.126985,0.838586,C4
0.948469,0.204903,C3
1.877707,1.551848,C1
1.422586,1.323498,C1
0.027975,1.888876,C4
1.126224,1.826865,C3
0.854294,1.949310,C4
1.714302,1.741059,C1
0.095909,1.784236,C4
1.421863,1.070840,C1
1.411652,1.285626,C1
0.803346,0.333755,C2
0.082190,0.050136,C3
0.119625,0.395996,C1
1.942593,0.040548,C4
0.475904,0.340561,C1
0.407092,1.948266,C4
0.221764,0.959575,C3
1.887368,0.302789,C2
0.095345,1.386468,C1
0.907645,0.579232,C1
1.126879,1.370004,C1
0.784339,1.822488,C1
0.412452,1.741028,C2
1.864932,0.636737,C1
1.527121,0.734077,C1
1.010236,0.781569,C4
0.567178,1.999874,C4
1.256124,1.071069,C3
1.594578,1.381019,C2
1.405293,0.789803,C2
0.602244,1.822031,C1
1.676552,0.419694,C2
1.027162,1.146239,C3
1.478589,0.114394,C1
0.308890,1.855813,C2
0.877140,1.062788,C4
0.024302,1.597590,C4
0.388899,1.650900,C2
1.725090,1.486149,C2
0.362506,1.161496,C1
0.762761,1.086945,C4
1.396370,0.643294,C2
1.106549,1.536114,C2
0.995044,1.536753,C4
1.442890,0.009904,C4
0.980341,1.660990,C4
0.690788,1.555513,C1
1.050300,1.246464,C3
1.475622,0.156442,C1
0.318602,0.840631,C2
1.074632,1.829299,C3
0.668952,0.118859,C2
0.880533,0.535314,C1
1.323426,1.900469,C2
1.525416,0.738664,C1
1.150716,0.999843,C4
1.465272,0.555024,C2
1.929671,0.935132,C4
0.046218,0.607596,C3
0.035476,0.972143,C3
1.856672,1.944181,C3
1.830271,1.498609,C2
1.515435,1.667724,C1
1.416962,1.304072,C1
0.953867,1.294035,C4
0.354427,1.983242,C4
0.721006,0.274266,C2
1.434281,0.385716,C1
0.873711,1.606031,C1
0.683808,1.802567,C1
1.609609,0.005879,C4
1.386623,0.410367,C1
0.958817,1.727173,C4
1.102086,1.385787,C1
0.571130,0.781243,C1
1.416441,1.059001,C3
0.918544,1.056019,C4
0.473097,1.491706,C1
0.078728,1.625173,C2
0.206432,1.945622,C4
1.673213,1.402121,C2
1.642958,1.849945,C1
1.504800,1.217084,C2
0.635616,0.081288,C2
0.971895,0.381713,C3
0.961451,1.637222,C4
0.433158,0.854617,C2
1.839847,1.114615,C3
1.354071,1.232477,C1
0.617974,0.796541,C1
0.287746,0.965235,C3
0.622038,1.606598,C1
0.525466,0.430181,C2
0.987383,1.707087,C4
0.598186,0.798610,C1
1.657448,0.097531,C2
0.718395,0.990009,C3
0.681037,1.212638,C2
0.722481,1.432605,C2
0.439310,1.223864,C1
0.106902,1.835401,C4
0.498352,1.516312,C2
0.347191,0.725670,C2
1.410141,1.642797,C2
1.847039,0.117208,C4
1.974180,0.949459,C4
0.585373,1.348458,C2
0.224019,1.022420,C4
0.812565,1.865974,C4
1.717330,0.122511,C2
1.992625,1.527482,C3
1.585173,1.855227,C1
0.596398,0.860168,C1
1.235534,1.465603,C1
0.321527,0.633614,C2
0.608159,0.352801,C2
1.848126,0.093158,C4
0.442181,0.666780,C2
1.334800,0.248254,C1
0.144970,1.179486,C4
1.517892,0.721769,C1
1.540117,1.015591,C3
0.497490,1.839962,C2
1.024369,1.282867,C3
1.076962,1.879207,C3
0.477847,0.159898,C1
1.868495,0.684387,C1
0.648772,0.578858,C1
0.285284,1.235179,C1
1.673424,1.283708,C2
1.011751,0.160287,C4
1.893981,1.749222,C3
1.576371,0.686025,C1
0.201356,1.213827,C1
1.247372,1.054461,C3
0.757092,1.909329,C4
0.629791,0.057658,C3
0.137841,0.463172,C1
1.063076,1.008409,C3
1.697883,1.403961,C2
1.201600,0.204138,C1
0.259632,0.718534,C2
1.006203,1.739525,C3
0.118987,1.488989,C1
0.783021,1.384690,C2
0.791863,1.780608,C1
0.876631,0.169637,C3
1.930192,1.156720,C3
0.157680,1.301970,C1
1.400126,0.464120,C1
0.540914,0.093712,C2
0.642134,1.862739,C1
0.427716,1.684411,C2
1.122131,0.465832,C1
0.187940,1.521530,C2
0.934743,1.412045,C2
1.579077,0.795435,C1
1.434252,0.708268,C2
0.346440,1.325152,C1
0.145723,0.762311,C2
1.156309,1.752366,C2
0.148272,0.166955,C3
0.484639,1.324975,C1
1.624386,0.002065,C4
0.117158,1.037844,C4
0.333643,1.688995,C2
1.512386,0.447211,C2
0.396166,0.261607,C1
1.437294,0.086561,C1
0.960566,1.810792,C4
0.006049,0.085577,C3
0.083100,0.814488,C3
1.535466,1.330121,C2
0.459216,0.082723,C1
0.476512,0.300033,C1
0.525615,1.127341,C2
1.089409,0.582845,C2
0.890411,1.908592,C4
0.500566,0.985359,C3
0.050915,0.115901,C3
0.312806,0.151334,C1
0.923046,1.407660,C2
0.036022,0.642398,C3
0.833289,1.365002,C2
0.263628,1.550590,C2
0.313606,1.307071,C1
0.740853,1.884776,C4
0.291650,1.570387,C2
0.254150,1.209533,C1
1.083059,1.372492,C1
1.616669,1.313896,C2
1.969618,1.960125,C3
1.932972,1.048692,C3
1.086455,1.384764,C1
1.796854,1.895044,C3
1.843462,0.953455,C4
1.109346,0.312913,C1
0.170534,1.170395,C4
1.799667,0.467402,C2
0.503203,0.814874,C1
0.890124,1.541881,C1
1.614666,0.693689,C1
1.066616,1.520778,C2
0.152209,1.561274,C2
0.199646,0.061272,C3
0.050417,1.718345,C4
0.106428,0.871882,C3
1.870576,1.879941,C3
0.252867,0.877346,C3
1.555078,1.046318,C3
0.064923,1.372943,C4
1.087622,1.315235,C3
0.052047,1.357798,C4
0.114448,1.841759,C4
1.041097,1.285493,C3
1.708790,0.481756,C2
0.477321,0.581671,C2
1.150195,0.047868,C4
0.969744,0.452118,C3
1.842295,0.561812,C1
1.041437,0.741157,C4
1.307104,1.404432,C1
1.390908,1.899004,C2
0.570805,1.845005,C1
1.879008,0.478081,C2
0.195527,1.073902,C4
0.926495,1.002073,C4
1.713482,1.567740,C1
0.040561,0.537899,C3
0.284347,0.383794,C1
1.784351,0.849535,C4
1.023695,1.810470,C3
1.661716,0.624006,C1
1.639756,1.693238,C1
1.110112,0.933661,C4
1.767708,0.710505,C1
0.077796,0.835178,C3
0.705192,0.891483,C1
1.507152,0.804595,C1
0.129669,0.748171,C2
0.454184,1.568954,C2
0.817702,1.536177,C1
1.544931,0.819013,C1
0.388196,0.364153,C1
0.002741,0.273776,C3
0.656085,1.139222,C2
1.576060,0.616443,C1
0.309897,1.665828,C2
1.354595,1.932694,C3
1.316106,0.608038,C2
0.682393,0.456059,C2
1.705102,1.480398,C2
1.159615,0.661450,C2
1.208090,0.350016,C1
1.070458,1.046761,C3
1.591158,1.512634,C1
0.482884,0.303759,C1
0.472230,1.048012,C4
0.736549,0.003352,C3
1.908565,1.865054,C3
0.068475,0.406587,C1
1.106894,1.614655,C2
1.721773,1.561631,C1
0.235291,0.678336,C2
0.040859,0.458255,C3
1.505266,1.333320,C2
1.777385,0.685205,C1
0.444567,1.149778,C1
0.114237,1.772167,C4
0.595620,1.693537,C1
1.760708,1.196837,C2
0.751468,1.687635,C1
0.880130,0.898983,C3
1.280551,1.928691,C3
1.581958,0.067147,C2
1.093612,1.459118,C1
1.243516,0.950046,C4
1.370457,0.763794,C2
0.022285,0.493469,C3
0.291269,0.089895,C3
1.577855,1.714877,C1
0.706609,1.381151,C2
0.243342,0.901684,C3
1.932207,0.772883,C4
0.669279,1.955549,C4
1.669097,1.111742,C2
1.308695,1.503842,C2
0.426579,0.544164,C2
1.020298,1.760754,C3
0.764989,1.860118,C1
0.537387,0.544376,C1
1.177166,1.983819,C3
1.583304,1.342373,C2
1.491989,1.770633,C2
0.009967,0.867733,C3
1.310292,1.099508,C1
1.494200,1.157370,C1
1.172931,1.142819,C3
1.047297,1.940226,C3
1.912718,0.650599,C1
0.876462,0.737805,C1
0.956404,0.103724,C3
0.982449,0.958924,C3
1.219830,0.670661,C2
1.285955,0.111799,C1
0.678832,0.045014,C3
1.046009,1.180385,C3
0.700434,0.446132,C2
0.866799,0.198250,C3
0.783312,1.332662,C2
0.685094,0.102060,C2
0.483472,0.708981,C2
1.788613,1.058115,C3
1.990533,0.297032,C4
0.136396,0.629161,C2
1.071964,1.301169,C3
0.035441,1.385076,C4
1.917074,1.011173,C3
1.573569,0.859821,C1
0.789500,0.068723,C3
0.116680,1.118394,C4
0.336413,1.865125,C2
1.649272,0.621350,C1
0.904584,1.243239,C4
1.770307,1.560769,C1
1.277939,1.444072,C1
0.752170,1.390402,C2
0.878151,0.068624,C3
0.228741,1.884022,C4
0.659298,0.718126,C1
0.799221,0.729871,C1
0.679559,0.930888,C3
0.117631,1.405398,C1
0.647366,1.051580,C4
1.883550,0.875312,C4
1.616386,0.748802,C1
1.557893,1.517320,C1
0.443183,0.039426,C3
0.598227,1.603722,C1
1.623319,1.883231,C1
1.541308,1.653393,C1
1.686145,1.678956,C1
1.356261,0.017477,C4
1.455474,1.322960,C1
0.149988,0.173479,C3
1.172767,1.884262,C3
0.527123,0.376242,C2
0.731442,1.404817,C2
1.690035,1.550645,C1
0.085343,0.851441,C3
1.710108,1.609667,C1
1.271380,1.825913,C2
1.309689,1.742811,C2
1.425796,0.282318,C1
0.964853,0.643687,C3
1.675458,1.205809,C2
0.172285,0.131902,C3
1.850051,1.974512,C3
1.319317,0.173223,C1
1.587975,0.956420,C4
0.754342,0.913308,C3
0.598223,0.785636,C1
0.375544,0.014120,C3
0.592456,0.717474,C1
0.339074,1.318491,C1
0.715951,1.479457,C2
1.333512,1.667106,C2
1.183048,1.115333,C3
1.275658,0.553515,C2
0.262180,1.461839,C1
0.253391,0.226613,C1
1.757513,0.102989,C4
1.074554,1.836347,C3
1.698697,1.914249,C3
0.876508,0.267251,C2
0.077146,1.639054,C2
1.909205,0.415717,C2
0.156760,0.332675,C1
0.825353,0.840761,C3
0.138927,1.963549,C4
1.594413,0.954357,C4
1.776098,1.979744,C3
1.502912,1.216245,C2
1.905208,1.228308,C3
0.611719,0.159438,C2
1.811618,0.257861,C2
0.511666,1.496507,C2
1.836267,0.739806,C1
0.252088,1.043010,C4
0.703126,0.511185,C1
1.912544,0.743299,C4
0.671024,0.572229,C1
1.446219,1.695252,C2
0.803372,0.264248,C2
0.144165,1.744286,C2
1.401239,0.808599,C2
0.352790,1.953368,C4
0.959729,1.405026,C4
1.922663,0.054555,C4
0.884506,0.167754,C3
1.274945,1.848906,C2
0.644829,0.320295,C2
0.942419,1.445469,C2
1.041354,0.275015,C4
1.975346,0.216346,C4
1.831457,0.491056,C2
0.698009,0.393684,C2
0.081763,0.334334,C3
0.960096,0.345754,C3
1.307020,0.555861,C2
1.247679,0.743134,C2
0.706418,1.459751,C2
0.801845,0.062304,C3
0.622906,1.349848,C2
0.238658,0.172813,C1
0.727999,0.423958,C2
0.072392,0.115510,C3
1.374042,1.927297,C2
1.014635,0.603140,C4
0.057833,1.081795,C4
0.955104,1.260948,C4
0.003965,1.075514,C4
1.125687,1.173754,C3
0.503214,0.226484,C2
0.107444,0.917305,C3
0.830719,1.327867,C2
1.060996,0.925515,C4
1.320704,1.136413,C1
0.843946,0.781553,C1
0.488887,0.983773,C3
1.524654,0.819554,C1
1.970727,0.570287,C4
1.209930,1.285065,C1
1.483075,0.143466,C1
0.074869,1.226161,C4
0.018770,1.468454,C4
1.016282,1.273490,C3
1.048161,1.265334,C3
0.446889,1.516346,C2
0.628503,0.118220,C2
1.405598,1.793191,C2
0.011613,1.253664,C4
0.379957,0.888863,C2
0.592133,1.040967,C4
1.020020,1.367066,C3
0.853204,0.584588,C1
0.268599,0.065526,C3
0.343297,1.358885,C1
1.341066,0.642561,C2
0.657416,1.478051,C2
1.458573,1.987622,C3
1.897815,0.899128,C4
0.271770,0.794685,C2
1.153865,1.623615,C2
1.507782,0.146233,C2
1.167610,0.793216,C2
1.531445,0.566844,C1
0.541051,0.467902,C2
0.232462,1.679288,C2
1.593114,1.829481,C1
1.933378,1.332309,C3
0.288738,1.571504,C2
0.858961,0.868143,C3
0.539457,0.316380,C2
1.115773,0.059117,C4
0.614296,1.043152,C4
